player_name,age,position,club_involved,fee,transfer_movement,transfer_period,year,season
Teddy Sheringham,26,Centre-Forward,Nottm Forest,3150000.0,in,Summer,1992,1992/1993
Darren Anderton,20,Right Midfield,Portsmouth,2700000.0,in,Summer,1992,1992/1993
Jason Cundy,22,Centre-Back,Chelsea,875000.0,in,Summer,1992,1992/1993
Neil Ruddock,24,Centre-Back,Southampton,850000.0,in,Summer,1992,1992/1993
Dean Austin,22,Right-Back,Southend United,0.0,in,Summer,1992,1992/1993
Sol Campbell,17,Centre-Back,Spurs U18,0.0,in,Summer,1992,1992/1993
Stephen Robinson,17,Attacking Midfield,Spurs U18,0.0,in,Summer,1992,1992/1993
Kevin Watson,18,Central Midfield,Spurs U18,0.0,in,Summer,1992,1992/1993
Danny Hill,17,midfield,Spurs U18,0.0,in,Summer,1992,1992/1993
Kevin Dearden,23,Goalkeeper,Portsmouth,0.0,in,Summer,1992,1992/1993
Lee Hodges,19,Left Midfield,Plymouth,0.0,in,Summer,1992,1992/1993
Peter Beadle,21,attack,Bournemouth,0.0,in,Summer,1992,1992/1993
Andy Gray,29,Central Midfield,Swindon Town,0.0,in,Summer,1992,1992/1993
Dave Tuttle,21,defence,Peterborough,0.0,in,Summer,1992,1992/1993
Ian Hendon,21,Centre-Back,Barnsley FC,0.0,in,Summer,1992,1992/1993
Paul Gascoigne,25,Attacking Midfield,Lazio,7400000.0,out,Summer,1992,1992/1993
Paul Stewart,27,Defensive Midfield,Liverpool,2750000.0,out,Summer,1992,1992/1993
Paul Walsh,29,Centre-Forward,Portsmouth,450000.0,out,Summer,1992,1992/1993
Gary Lineker,31,Centre-Forward,Nagoya Grampus,0.0,out,Summer,1992,1992/1993
Mark Robson,23,midfield,West Ham,0.0,out,Summer,1992,1992/1993
David McDonald,21,defence,Bradford,0.0,out,Summer,1992,1992/1993
Ian Gilzean,22,Centre-Forward,Doncaster,0.0,out,Summer,1992,1992/1993
Kevin Dearden,22,Goalkeeper,Portsmouth,0.0,out,Summer,1992,1992/1993
David McDonald,22,defence,Bradford,0.0,in,Winter,1992,1992/1993
Lee Hodges,19,Left Midfield,Plymouth,0.0,out,Winter,1992,1992/1993
Ian Hendon,21,Centre-Back,Barnsley FC,0.0,out,Winter,1992,1992/1993
David McDonald,22,defence,Reading,0.0,out,Winter,1992,1992/1993
Andy Gray,28,Central Midfield,Swindon Town,0.0,out,Winter,1992,1992/1993
Peter Beadle,20,attack,Bournemouth,0.0,out,Winter,1992,1992/1993
John Hendry,23,Centre-Forward,Charlton,0.0,out,Winter,1992,1992/1993
Dave Tuttle,20,defence,Peterborough,0.0,out,Winter,1992,1992/1993
Jason Dozzell,25,Central Midfield,Ipswich,2400000.0,in,Summer,1993,1993/1994
David Kerslake,27,Right-Back,Leeds,563000.0,in,Summer,1993,1993/1994
Colin Calderwood,28,Centre-Back,Swindon Town,0.0,in,Summer,1993,1993/1994
Garry Brady,16,Central Midfield,Celtic Boys Club,0.0,in,Summer,1993,1993/1994
Andy Quy,16,Goalkeeper,Spurs U18,0.0,in,Summer,1993,1993/1994
Ijah Anderson,17,Left-Back,Spurs U18,0.0,in,Summer,1993,1993/1994
Stephen Carr,16,Right-Back,Spurs U18,0.0,in,Summer,1993,1993/1994
Paul Mahorn,20,attack,Fulham,0.0,in,Summer,1993,1993/1994
John Hendry,23,Centre-Forward,Charlton,0.0,in,Summer,1993,1993/1994
Peter Beadle,22,attack,Southend United,0.0,in,Summer,1993,1993/1994
Stephen Robinson,19,Attacking Midfield,Leyton Orient,0.0,in,Summer,1993,1993/1994
Neil Ruddock,25,Centre-Back,Liverpool,3000000.0,out,Summer,1993,1993/1994
Gordon Durie,27,Centre-Forward,Rangers,1800000.0,out,Summer,1993,1993/1994
Steve Sedgley,26,Central Midfield,Ipswich,1250000.0,out,Summer,1993,1993/1994
Paul Allen,30,Right Midfield,Southampton,660000.0,out,Summer,1993,1993/1994
Nayim,26,Right Midfield,Real Zaragoza,300000.0,out,Summer,1993,1993/1994
Ian Hendon,21,Centre-Back,Leyton Orient,65000.0,out,Summer,1993,1993/1994
Kevin Dearden,23,Goalkeeper,Brentford,0.0,out,Summer,1993,1993/1994
Ijah Anderson,18,Left-Back,Southend United,0.0,out,Summer,1993,1993/1994
David McDonald,22,defence,Peterborough,0.0,out,Summer,1993,1993/1994
Pat van den Hauwe,32,Left-Back,Millwall,0.0,out,Summer,1993,1993/1994
Kevin Watson,19,Central Midfield,Brentford,0.0,out,Summer,1993,1993/1994
Paul Mahorn,20,attack,Fulham,0.0,out,Summer,1993,1993/1994
Dave Tuttle,21,defence,Sheff Utd,0.0,out,Summer,1993,1993/1994
Terry Fenwick,33,Centre-Back,Swindon Town,0.0,out,Summer,1993,1993/1994
Andy Gray,30,Central Midfield,Atl. Marbella,0.0,out,Summer,1993,1993/1994
Gudni Bergsson,28,Centre-Back,Valur,0.0,out,Summer,1993,1993/1994
Kevin Scott,27,Centre-Back,Newcastle,1100000.0,in,Winter,1993,1993/1994
Ronny Rosenthal,30,Left Winger,Liverpool,300000.0,in,Winter,1993,1993/1994
Micky Hazard,33,Central Midfield,Swindon Town,55000.0,in,Winter,1993,1993/1994
Chris Day,18,Goalkeeper,Spurs U18,0.0,in,Winter,1993,1993/1994
Lee Hodges,20,Left Midfield,Wycombe,0.0,in,Winter,1993,1993/1994
Stephen Robinson,19,Attacking Midfield,Leyton Orient,0.0,out,Winter,1993,1993/1994
Lee Hodges,20,Left Midfield,Wycombe,0.0,out,Winter,1993,1993/1994
Peter Beadle,21,attack,Southend United,0.0,out,Winter,1993,1993/1994
Ilie Dumitrescu,25,Left Winger,Steaua Bucharest,3700000.0,in,Summer,1994,1994/1995
Gheorghe Popescu,26,Centre-Back,PSV Eindhoven,2900000.0,in,Summer,1994,1994/1995
Jürgen Klinsmann,29,Centre-Forward,Monaco,2750000.0,in,Summer,1994,1994/1995
Owen Coll,18,Centre-Back,Enfield FC,0.0,in,Summer,1994,1994/1995
Steve Slade,18,attack,Tottenham Res.,0.0,in,Summer,1994,1994/1995
Gerry McMahon,21,Central Midfield,Tottenham Res.,0.0,in,Summer,1994,1994/1995
Jamie Clapham,18,Left-Back,Spurs U18,0.0,in,Summer,1994,1994/1995
Gudni Bergsson,29,Centre-Back,Valur,0.0,in,Summer,1994,1994/1995
Andy Turner,19,midfield,Wycombe,0.0,in,Summer,1994,1994/1995
Kevin Scott,28,Centre-Back,Port Vale,0.0,in,Summer,1994,1994/1995
Darren Grogan,19,midfield,Leixões,0.0,out,Summer,1994,1994/1995
Andy Quy,17,Goalkeeper,Derby,0.0,out,Summer,1994,1994/1995
Neil Young,20,Right-Back,Bournemouth,0.0,out,Summer,1994,1994/1995
Lee Hodges,20,Left Midfield,Barnet,0.0,out,Summer,1994,1994/1995
Stephen Robinson,19,Attacking Midfield,Bournemouth,0.0,out,Summer,1994,1994/1995
Andy Turner,19,midfield,Doncaster,0.0,out,Summer,1994,1994/1995
Andy Turner,19,midfield,Wycombe,0.0,out,Summer,1994,1994/1995
Vinny Samways,25,Central Midfield,Everton,0.0,out,Summer,1994,1994/1995
Paul Moran,26,attack,Peterborough,0.0,out,Summer,1994,1994/1995
Jeff Minton,20,midfield,Brighton,0.0,out,Summer,1994,1994/1995
Peter Beadle,22,attack,Watford,0.0,out,Summer,1994,1994/1995
John Hendry,24,Centre-Forward,Swansea,0.0,out,Summer,1994,1994/1995
Gerry McMahon,20,Central Midfield,Barnet,0.0,out,Summer,1994,1994/1995
Gerry McMahon,21,Central Midfield,Barnet,0.0,in,Winter,1994,1994/1995
Andy Turner,19,midfield,Doncaster,0.0,in,Winter,1994,1994/1995
Gudni Bergsson,29,Centre-Back,Bolton,95000.0,out,Winter,1994,1994/1995
Ilie Dumitrescu,25,Left Winger,Sevilla FC,0.0,out,Winter,1994,1994/1995
Kevin Scott,28,Centre-Back,Port Vale,0.0,out,Winter,1994,1994/1995
Chris Armstrong,24,Centre-Forward,Crystal Palace,6800000.0,in,Summer,1995,1995/1996
Ruel Fox,27,Right Winger,Newcastle,4750000.0,in,Summer,1995,1995/1996
Clive Wilson,33,Left-Back,QPR,0.0,in,Summer,1995,1995/1996
Rory Allen,17,attack,Unknown,0.0,in,Summer,1995,1995/1996
Owen Coll,20,Centre-Back,Yeovil Town,0.0,in,Summer,1995,1995/1996
Ian Sampson,26,Centre-Back,Northampton,0.0,in,Summer,1995,1995/1996
Mark Newson,34,Right-Back,Barnet,0.0,in,Summer,1995,1995/1996
Darren Davies,16,Left-Back,Spurs U18,0.0,in,Summer,1995,1995/1996
Neale Fenn,18,Centre-Forward,Spurs U18,0.0,in,Summer,1995,1995/1996
Kevin Maher,18,Central Midfield,Spurs U18,0.0,in,Summer,1995,1995/1996
Danny Hill,21,midfield,Watford,0.0,in,Summer,1995,1995/1996
Andy Turner,21,midfield,Southend United,0.0,in,Summer,1995,1995/1996
Paul Mahorn,22,attack,Burnley,0.0,in,Summer,1995,1995/1996
Ilie Dumitrescu,26,Left Winger,Sevilla FC,0.0,in,Summer,1995,1995/1996
Nick Barmby,21,Left Midfield,Middlesbrough,7500000.0,out,Summer,1995,1995/1996
Gheorghe Popescu,27,Centre-Back,Barcelona,2800000.0,out,Summer,1995,1995/1996
Jürgen Klinsmann,30,Centre-Forward,Bayern Munich,1400000.0,out,Summer,1995,1995/1996
John Hendry,25,Centre-Forward,Motherwell FC,300000.0,out,Summer,1995,1995/1996
Darren Caskey,21,Central Midfield,Watford,0.0,out,Summer,1995,1995/1996
Micky Hazard,35,Central Midfield,Retired,0.0,out,Summer,1995,1995/1996
Mark Newson,34,Right-Back,Barnet,0.0,out,Summer,1995,1995/1996
Ian Sampson,26,Centre-Back,Northampton,0.0,out,Summer,1995,1995/1996
Alan Pardew,34,midfield,Charlton,0.0,out,Summer,1995,1995/1996
David Byrne,34,midfield,St. Mirren,0.0,out,Summer,1995,1995/1996
Andy Sinton,29,Left Midfield,Sheff Wed,1820000.0,in,Winter,1995,1995/1996
John Hendry,25,Centre-Forward,Swansea,0.0,in,Winter,1995,1995/1996
Danny Hill,21,midfield,Birmingham,0.0,in,Winter,1995,1995/1996
Andy Turner,21,midfield,Huddersfield,0.0,in,Winter,1995,1995/1996
Jason Cundy,26,Centre-Back,Crystal Palace,0.0,in,Winter,1995,1995/1996
Darren Caskey,21,Central Midfield,Watford,0.0,in,Winter,1995,1995/1996
Ilie Dumitrescu,26,Left Winger,West Ham,1500000.0,out,Winter,1995,1995/1996
Darren Caskey,21,Central Midfield,Reading,700000.0,out,Winter,1995,1995/1996
Paul Mahorn,22,attack,Burnley,0.0,out,Winter,1995,1995/1996
Danny Hill,21,midfield,Watford,0.0,out,Winter,1995,1995/1996
Danny Hill,21,midfield,Birmingham,0.0,out,Winter,1995,1995/1996
Andy Turner,21,midfield,Southend United,0.0,out,Winter,1995,1995/1996
Andy Turner,20,midfield,Huddersfield,0.0,out,Winter,1995,1995/1996
Jason Cundy,26,Centre-Back,Crystal Palace,0.0,out,Winter,1995,1995/1996
Owen Coll,19,Centre-Back,Yeovil Town,0.0,out,Winter,1995,1995/1996
Allan Nielsen,25,Central Midfield,Bröndby IF,2000000.0,in,Summer,1996,1996/1997
Espen Baardsen,18,Goalkeeper,SF United,0.0,in,Summer,1996,1996/1997
Simon Brown,19,Goalkeeper,Spurs U18,0.0,in,Summer,1996,1996/1997
Mark Arber,18,Centre-Back,Spurs U18,0.0,in,Summer,1996,1996/1997
Paul McVeigh,18,Left Winger,Spurs U18,0.0,in,Summer,1996,1996/1997
Mark Gower,17,Central Midfield,Spurs U18,0.0,in,Summer,1996,1996/1997
Simon Webb,18,Left-Back,Spurs U18,0.0,in,Summer,1996,1996/1997
Jason Cundy,26,Centre-Back,Bristol City,0.0,in,Summer,1996,1996/1997
Steve Slade,20,attack,QPR,435000.0,out,Summer,1996,1996/1997
Chris Day,20,Goalkeeper,Crystal Palace,350000.0,out,Summer,1996,1996/1997
Andy Turner,21,midfield,Portsmouth,313000.0,out,Summer,1996,1996/1997
Jason Cundy,26,Centre-Back,Bristol City,0.0,out,Summer,1996,1996/1997
Jason Cundy,26,Centre-Back,Ipswich,0.0,out,Summer,1996,1996/1997
Owen Coll,20,Centre-Back,Bournemouth,0.0,out,Summer,1996,1996/1997
Gerry McMahon,22,Central Midfield,Stoke City,0.0,out,Summer,1996,1996/1997
Erik Thorstvedt,34,Goalkeeper,Retired,0.0,out,Summer,1996,1996/1997
Steffen Iversen,19,Second Striker,Rosenborg,3250000.0,in,Winter,1996,1996/1997
John Scales,30,Centre-Back,Liverpool,3000000.0,in,Winter,1996,1996/1997
Ramon Vega,25,Centre-Back,Cagliari Calcio,0.0,in,Winter,1996,1996/1997
Jamie Clapham,21,Left-Back,Leyton Orient,0.0,in,Winter,1996,1996/1997
Jamie Clapham,21,Left-Back,Bristol Rovers,0.0,in,Winter,1996,1996/1997
David Kerslake,30,Right-Back,Swindon Town,0.0,in,Winter,1996,1996/1997
Kevin Scott,30,Centre-Back,Charlton,0.0,in,Winter,1996,1996/1997
Kevin Scott,30,Centre-Back,Norwich,0.0,in,Winter,1996,1996/1997
Jason Cundy,27,Centre-Back,Ipswich,0.0,in,Winter,1996,1996/1997
Kevin Scott,30,Centre-Back,Norwich,350000.0,out,Winter,1996,1996/1997
Jason Cundy,27,Centre-Back,Ipswich,235000.0,out,Winter,1996,1996/1997
Jamie Clapham,21,Left-Back,Leyton Orient,0.0,out,Winter,1996,1996/1997
Jamie Clapham,21,Left-Back,Bristol Rovers,0.0,out,Winter,1996,1996/1997
David Kerslake,30,Right-Back,Swindon Town,0.0,out,Winter,1996,1996/1997
Kevin Scott,30,Centre-Back,Charlton,0.0,out,Winter,1996,1996/1997
Kevin Scott,30,Centre-Back,Norwich,0.0,out,Winter,1996,1996/1997
Les Ferdinand,30,Centre-Forward,Newcastle,9500000.0,in,Summer,1997,1997/1998
David Ginola,30,Left Winger,Newcastle,2850000.0,in,Summer,1997,1997/1998
José Dominguez,23,Left Winger,Sporting CP,2400000.0,in,Summer,1997,1997/1998
Peter Gain,20,Left Midfield,Spurs U18,0.0,in,Summer,1997,1997/1998
Luke Young,17,Right-Back,Spurs U18,0.0,in,Summer,1997,1997/1998
Stephen Clemence,19,Right Midfield,Spurs U18,0.0,in,Summer,1997,1997/1998
Neale Fenn,21,Centre-Forward,Norwich,0.0,in,Summer,1997,1997/1998
David Kerslake,31,Right-Back,Charlton,0.0,in,Summer,1997,1997/1998
Teddy Sheringham,31,Centre-Forward,Man Utd,5300000.0,out,Summer,1997,1997/1998
David Kerslake,31,Right-Back,Ipswich,0.0,out,Summer,1997,1997/1998
Danny Hill,23,midfield,Oxford United,0.0,out,Summer,1997,1997/1998
Ronny Rosenthal,33,Left Winger,Watford,0.0,out,Summer,1997,1997/1998
David Kerslake,31,Right-Back,Charlton,0.0,out,Summer,1997,1997/1998
Jason Dozzell,29,Central Midfield,Unknown,0.0,out,Summer,1997,1997/1998
Rory Allen,19,attack,Luton,0.0,out,Summer,1997,1997/1998
Gary Mabbutt,36,Centre-Back,Retired,0.0,out,Summer,1997,1997/1998
Moussa Saïb,28,Left Midfield,Valencia,2600000.0,in,Winter,1997,1997/1998
Frode Grodas,33,Goalkeeper,Chelsea,350000.0,in,Winter,1997,1997/1998
Jürgen Klinsmann,33,Centre-Forward,Sampdoria,0.0,in,Winter,1997,1997/1998
Nicola Berti,30,Central Midfield,Inter,0.0,in,Winter,1997,1997/1998
Neale Fenn,21,Centre-Forward,Leyton Orient,0.0,in,Winter,1997,1997/1998
Danny Hill,23,midfield,Cardiff,0.0,in,Winter,1997,1997/1998
Jamie Clapham,22,Left-Back,Ipswich,450000.0,out,Winter,1997,1997/1998
Stuart Nethercott,24,Centre-Back,Millwall,0.0,out,Winter,1997,1997/1998
Kevin Maher,21,Central Midfield,Southend United,0.0,out,Winter,1997,1997/1998
Paul Mahorn,24,attack,Port Vale,0.0,out,Winter,1997,1997/1998
Neale Fenn,21,Centre-Forward,Leyton Orient,0.0,out,Winter,1997,1997/1998
Neale Fenn,21,Centre-Forward,Norwich,0.0,out,Winter,1997,1997/1998
Danny Hill,23,midfield,Cardiff,0.0,out,Winter,1997,1997/1998
Hans Segers,36,Goalkeeper,Wolves,0.0,in,Summer,1998,1998/1999
Paolo Tramezzani,27,Left-Back,Piacenza,0.0,in,Summer,1998,1998/1999
Alton Thelwell,18,Centre-Back,Spurs U18,0.0,in,Summer,1998,1998/1999
Alan Marriott,19,Goalkeeper,Spurs U18,0.0,in,Summer,1998,1998/1999
Peter Crouch,17,Centre-Forward,Spurs U18,0.0,in,Summer,1998,1998/1999
Ian Stonebridge,16,attack,Spurs U18,0.0,in,Summer,1998,1998/1999
Ledley King,17,Centre-Back,Spurs U18,0.0,in,Summer,1998,1998/1999
Mark Gower,20,Central Midfield,Motherwell FC,0.0,in,Summer,1998,1998/1999
Rory Allen,20,attack,Luton,0.0,in,Summer,1998,1998/1999
Garry Brady,21,Central Midfield,Newcastle,975000.0,out,Summer,1998,1998/1999
Frode Grodas,33,Goalkeeper,FC Schalke 04,150000.0,out,Summer,1998,1998/1999
Mark Arber,20,Centre-Back,Barnet,120000.0,out,Summer,1998,1998/1999
Simon Brown,21,Goalkeeper,Kingstonian FC,0.0,out,Summer,1998,1998/1999
Darren Davies,19,Left-Back,Barry,0.0,out,Summer,1998,1998/1999
David Howells,30,Defensive Midfield,Southampton,0.0,out,Summer,1998,1998/1999
Dean Austin,28,Right-Back,Crystal Palace,0.0,out,Summer,1998,1998/1999
Jürgen Klinsmann,33,Centre-Forward,Career break,0.0,out,Summer,1998,1998/1999
Tim Sherwood,29,Central Midfield,Blackburn,6000000.0,in,Winter,1998,1998/1999
Mauricio Taricco,25,Left-Back,Ipswich,2650000.0,in,Winter,1998,1998/1999
Steffen Freund,28,Defensive Midfield,Bor. Dortmund,1130000.0,in,Winter,1998,1998/1999
Roger Nilsen,29,Centre-Back,Sheff Utd,0.0,in,Winter,1998,1998/1999
Simon Brown,21,Goalkeeper,Kingstonian FC,0.0,in,Winter,1998,1998/1999
Neale Fenn,21,Centre-Forward,Swindon Town,0.0,in,Winter,1998,1998/1999
Neale Fenn,22,Centre-Forward,Lincoln City,0.0,in,Winter,1998,1998/1999
Peter Gain,22,Left Midfield,Lincoln City,0.0,in,Winter,1998,1998/1999
Colin Calderwood,34,Centre-Back,Aston Villa,330000.0,out,Winter,1998,1998/1999
Nicola Berti,31,Central Midfield,Alavés,200000.0,out,Winter,1998,1998/1999
Mark Gower,20,Central Midfield,Motherwell FC,0.0,out,Winter,1998,1998/1999
Neale Fenn,21,Centre-Forward,Swindon Town,0.0,out,Winter,1998,1998/1999
Neale Fenn,21,Centre-Forward,Lincoln City,0.0,out,Winter,1998,1998/1999
Peter Gain,22,Left Midfield,Lincoln City,0.0,out,Winter,1998,1998/1999
Peter Gain,22,Left Midfield,Lincoln City,25000.0,out,Winter,1998,1998/1999
Chris Perry,26,Centre-Back,Wimbledon FC,6000000.0,in,Summer,1999,1999/2000
Öyvind Leonhardsen,28,Attacking Midfield,Liverpool,4500000.0,in,Summer,1999,1999/2000
Willem Korsten,24,Left Winger,Vitesse,1700000.0,in,Summer,1999,1999/2000
Matthew Etherington,17,Left Midfield,Peterborough,750000.0,in,Summer,1999,1999/2000
Yannick Kamanan,17,Centre-Forward,Le Mans UC 72,0.0,in,Summer,1999,1999/2000
John Piercy,19,midfield,Tottenham Res.,0.0,in,Summer,1999,1999/2000
David Lee,19,midfield,Spurs U18,0.0,in,Summer,1999,1999/2000
Peter Crouch,19,Centre-Forward,IFK Hässleholm,0.0,in,Summer,1999,1999/2000
Allan Nielsen,29,Central Midfield,Wolves,0.0,in,Summer,1999,1999/2000
Rory Allen,21,attack,Portsmouth,1500000.0,out,Summer,1999,1999/2000
Ian Stonebridge,17,attack,Plymouth,0.0,out,Summer,1999,1999/2000
Simon Brown,22,Goalkeeper,Colchester Utd.,0.0,out,Summer,1999,1999/2000
Alan Marriott,20,Goalkeeper,Lincoln City,0.0,out,Summer,1999,1999/2000
Clive Wilson,37,Left-Back,Cambridge Utd.,0.0,out,Summer,1999,1999/2000
Andy Sinton,33,Left Midfield,Wolves,0.0,out,Summer,1999,1999/2000
Roger Nilsen,29,Centre-Back,Grazer AK,0.0,out,Summer,1999,1999/2000
Simon Webb,21,Left-Back,Leyton Orient,0.0,out,Summer,1999,1999/2000
Gary Doherty,20,Centre-Back,Luton,1500000.0,in,Winter,1999,1999/2000
Anthony Gardner,19,Centre-Back,Port Vale,1500000.0,in,Winter,1999,1999/2000
Simon Davies,20,Right Midfield,Peterborough,1050000.0,in,Winter,1999,1999/2000
Dave McEwen,22,attack,Dulwich Hamlet,0.0,in,Winter,1999,1999/2000
Peter Crouch,19,Centre-Forward,Dulwich Hamlet,0.0,in,Winter,1999,1999/2000
Justin Edinburgh,30,Left-Back,Portsmouth,200000.0,out,Winter,1999,1999/2000
Paul McVeigh,22,Left Winger,Norwich,100000.0,out,Winter,1999,1999/2000
Peter Crouch,19,Centre-Forward,IFK Hässleholm,0.0,out,Winter,1999,1999/2000
Peter Crouch,18,Centre-Forward,Dulwich Hamlet,0.0,out,Winter,1999,1999/2000
Paolo Tramezzani,29,Left-Back,Pistoiese,0.0,out,Winter,1999,1999/2000
Moussa Saïb,30,Left Midfield,Al-Nasr,0.0,out,Winter,1999,1999/2000
Ramon Vega,28,Centre-Back,Celtic,0.0,out,Winter,1999,1999/2000
Allan Nielsen,28,Central Midfield,Wolves,0.0,out,Winter,1999,1999/2000
Sergiy Rebrov,26,Second Striker,Dynamo Kyiv,18000000.0,in,Summer,2000,2000/2001
Ben Thatcher,24,Left-Back,Wimbledon FC,7540000.0,in,Summer,2000,2000/2001
Steven Ferguson,18,Centre-Forward,East Fife,200000.0,in,Summer,2000,2000/2001
Neil Sullivan,30,Goalkeeper,Wimbledon FC,0.0,in,Summer,2000,2000/2001
Johnnie Jackson,17,Central Midfield,Spurs U18,0.0,in,Summer,2000,2000/2001
Ciaran Toner,19,Central Midfield,Tottenham Res.,0.0,in,Summer,2000,2000/2001
Justin Edinburgh,30,Left-Back,Portsmouth,0.0,in,Summer,2000,2000/2001
Espen Baardsen,22,Goalkeeper,Watford,2000000.0,out,Summer,2000,2000/2001
Peter Crouch,19,Centre-Forward,QPR,85000.0,out,Summer,2000,2000/2001
Allan Nielsen,29,Central Midfield,Watford,0.0,out,Summer,2000,2000/2001
John Scales,34,Centre-Back,Ipswich,0.0,out,Summer,2000,2000/2001
David Lee,20,midfield,Southend United,0.0,out,Summer,2000,2000/2001
Alton Thelwell,19,Centre-Back,IFK Hässleholm,0.0,out,Summer,2000,2000/2001
David Ginola,33,Left Winger,Aston Villa,0.0,out,Summer,2000,2000/2001
Justin Edinburgh,30,Left-Back,Portsmouth,0.0,out,Summer,2000,2000/2001
Ruel Fox,32,Right Winger,West Brom,0.0,out,Summer,2000,2000/2001
Andy Booth,27,Centre-Forward,Sheff Wed,0.0,in,Winter,2000,2000/2001
Alton Thelwell,20,Centre-Back,IFK Hässleholm,0.0,in,Winter,2000,2000/2001
José Dominguez,26,Left Winger,1.FC K'lautern,320000.0,out,Winter,2000,2000/2001
Mark Gower,22,Central Midfield,Barnet,50000.0,out,Winter,2000,2000/2001
Andy Booth,27,Centre-Forward,Sheff Wed,0.0,out,Winter,2000,2000/2001
Dean Richards,27,Centre-Back,Southampton,12150000.0,in,Summer,2001,2001/2002
Christian Ziege,29,Left Midfield,Liverpool,6500000.0,in,Summer,2001,2001/2002
Goran Bunjevcevic,28,Centre-Back,Red Star,6000000.0,in,Summer,2001,2001/2002
Gustavo Poyet,33,Attacking Midfield,Chelsea,3400000.0,in,Summer,2001,2001/2002
Teddy Sheringham,35,Centre-Forward,Man Utd,0.0,in,Summer,2001,2001/2002
Kasey Keller,31,Goalkeeper,Rayo Vallecano,0.0,in,Summer,2001,2001/2002
Rob Burch,17,Goalkeeper,Spurs U18,0.0,in,Summer,2001,2001/2002
Danny Foster,16,Right-Back,Spurs U18,0.0,in,Summer,2001,2001/2002
Luke Young,21,Right-Back,Charlton,6000000.0,out,Summer,2001,2001/2002
Ian Walker,29,Goalkeeper,Leicester,3750000.0,out,Summer,2001,2001/2002
Sol Campbell,26,Centre-Back,Arsenal,0.0,out,Summer,2001,2001/2002
Neale Fenn,24,Centre-Forward,Peterborough,0.0,out,Summer,2001,2001/2002
Matthew Etherington,20,Left Midfield,Bradford,0.0,out,Summer,2001,2001/2002
Dave McEwen,23,attack,QPR,0.0,out,Summer,2001,2001/2002
Luca Digiulioantonio,17,attack,Brescello,0.0,out,Summer,2001,2001/2002
Hans Segers,39,Goalkeeper,Retired,0.0,out,Summer,2001,2001/2002
Dave Beasant,42,Goalkeeper,Portsmouth,0.0,in,Winter,2001,2001/2002
Matthew Etherington,20,Left Midfield,Bradford,0.0,in,Winter,2001,2001/2002
Dave Beasant,42,Goalkeeper,Portsmouth,0.0,out,Winter,2001,2001/2002
Robbie Keane,22,Centre-Forward,Leeds,10500000.0,in,Summer,2002,2002/2003
Diego Bortolozzo,19,Defensive Midfield,Treviso,0.0,in,Summer,2002,2002/2003
Milenko Acimovic,25,Left Midfield,Red Star,0.0,in,Summer,2002,2002/2003
Rohan Ricketts,19,Attacking Midfield,Arsenal,0.0,in,Summer,2002,2002/2003
Jonathan Blondel,18,Defensive Midfield,Exc. Mouscron,0.0,in,Summer,2002,2002/2003
Jamie Redknapp,29,Central Midfield,Liverpool,0.0,in,Summer,2002,2002/2003
Lee Barnard,18,Centre-Forward,Spurs U18,0.0,in,Summer,2002,2002/2003
John Sutton,18,Centre-Forward,Spurs U18,0.0,in,Summer,2002,2002/2003
Stephen Kelly,18,Right-Back,Spurs U18,0.0,in,Summer,2002,2002/2003
Dean Marney,18,Central Midfield,Spurs U18,0.0,in,Summer,2002,2002/2003
Johnnie Jackson,20,Central Midfield,Colchester Utd.,0.0,in,Summer,2002,2002/2003
Stephen Kelly,19,Right-Back,QPR,0.0,in,Summer,2002,2002/2003
Dean Marney,19,Central Midfield,Swindon Town,0.0,in,Summer,2002,2002/2003
Rob Burch,19,Goalkeeper,Woking,0.0,in,Summer,2002,2002/2003
Gavin Kelly,21,Goalkeeper,Kettering,0.0,in,Summer,2002,2002/2003
Lars Hirschfeld,24,Goalkeeper,Luton,0.0,in,Summer,2002,2002/2003
Chris Armstrong,31,Centre-Forward,Bolton,0.0,out,Summer,2002,2002/2003
Ciaran Toner,21,Central Midfield,Leyton Orient,0.0,out,Summer,2002,2002/2003
John Piercy,23,midfield,Brighton,0.0,out,Summer,2002,2002/2003
Öyvind Leonhardsen,31,Attacking Midfield,Aston Villa,0.0,out,Summer,2002,2002/2003
Gavin Kelly,21,Goalkeeper,Kettering,0.0,out,Summer,2002,2002/2003
John Sutton,18,Centre-Forward,Carlisle United,0.0,out,Summer,2002,2002/2003
Johnnie Jackson,20,Central Midfield,Swindon Town,0.0,out,Summer,2002,2002/2003
Yannick Kamanan,20,Centre-Forward,R. Strasbourg,0.0,out,Summer,2002,2002/2003
Willem Korsten,27,Left Winger,Retired,0.0,out,Summer,2002,2002/2003
Lars Hirschfeld,24,Goalkeeper,Calgary Storm,0.0,in,Winter,2002,2002/2003
Kazuyuki Toda,25,Defensive Midfield,Shimizu S-Pulse,0.0,in,Winter,2002,2002/2003
Lee Barnard,18,Centre-Forward,Exeter City,0.0,in,Winter,2002,2002/2003
John Sutton,18,Centre-Forward,Carlisle United,0.0,in,Winter,2002,2002/2003
Johnnie Jackson,20,Central Midfield,Swindon Town,0.0,in,Winter,2002,2002/2003
John Sutton,19,Centre-Forward,Swindon Town,0.0,in,Winter,2002,2002/2003
Stephen Kelly,19,Right-Back,Southend United,0.0,in,Winter,2002,2002/2003
Stephen Clemence,24,Right Midfield,Birmingham,1350000.0,out,Winter,2002,2002/2003
Diego Bortolozzo,20,Defensive Midfield,Boussu Dour,0.0,out,Winter,2002,2002/2003
Tim Sherwood,33,Central Midfield,Portsmouth,0.0,out,Winter,2002,2002/2003
Les Ferdinand,36,Centre-Forward,West Ham,0.0,out,Winter,2002,2002/2003
Dean Marney,18,Central Midfield,Swindon Town,0.0,out,Winter,2002,2002/2003
Sergiy Rebrov,28,Second Striker,Fenerbahce,0.0,out,Winter,2002,2002/2003
Stephen Kelly,19,Right-Back,QPR,0.0,out,Winter,2002,2002/2003
Stephen Kelly,19,Right-Back,Southend United,0.0,out,Winter,2002,2002/2003
Johnnie Jackson,20,Central Midfield,Colchester Utd.,0.0,out,Winter,2002,2002/2003
John Sutton,18,Centre-Forward,Swindon Town,0.0,out,Winter,2002,2002/2003
Lee Barnard,18,Centre-Forward,Exeter City,0.0,out,Winter,2002,2002/2003
Rob Burch,19,Goalkeeper,Woking,0.0,out,Winter,2002,2002/2003
Lars Hirschfeld,24,Goalkeeper,Luton,0.0,out,Winter,2002,2002/2003
Hélder Postiga,20,Centre-Forward,FC Porto,9000000.0,in,Summer,2003,2003/2004
Frédéric Kanouté,25,Centre-Forward,West Ham,5250000.0,in,Summer,2003,2003/2004
Mbulelo Mabizela,22,Centre-Back,Orlando Pirates,2300000.0,in,Summer,2003,2003/2004
Bobby Zamora,22,Centre-Forward,Brighton,2000000.0,in,Summer,2003,2003/2004
Paul Konchesky,22,Left-Back,Charlton,0.0,in,Summer,2003,2003/2004
Stéphane Dalmat,24,Central Midfield,Inter,0.0,in,Summer,2003,2003/2004
David Galbraith,19,Left Midfield,Spurs U18,0.0,in,Summer,2003,2003/2004
Mark Yeates,18,Left Winger,Spurs U18,0.0,in,Summer,2003,2003/2004
Ben Bowditch,19,midfield,Spurs U18,0.0,in,Summer,2003,2003/2004
Ben Thatcher,27,Left-Back,Leicester,450000.0,out,Summer,2003,2003/2004
Chris Perry,30,Centre-Back,Charlton,100000.0,out,Summer,2003,2003/2004
Teddy Sheringham,37,Centre-Forward,Portsmouth,0.0,out,Summer,2003,2003/2004
Steffen Freund,33,Defensive Midfield,1.FC K'lautern,0.0,out,Summer,2003,2003/2004
Alton Thelwell,22,Centre-Back,Hull City,0.0,out,Summer,2003,2003/2004
John Sutton,19,Centre-Forward,Raith Rovers,0.0,out,Summer,2003,2003/2004
Steffen Iversen,26,Second Striker,Wolves,0.0,out,Summer,2003,2003/2004
Neil Sullivan,33,Goalkeeper,Chelsea,0.0,out,Summer,2003,2003/2004
Stephen Kelly,19,Right-Back,Watford,0.0,out,Summer,2003,2003/2004
Matthew Etherington,21,Left Midfield,West Ham,0.0,out,Summer,2003,2003/2004
Steven Ferguson,21,Centre-Forward,Woking,0.0,out,Summer,2003,2003/2004
Kazuyuki Toda,25,Defensive Midfield,Shimizu S-Pulse,0.0,out,Summer,2003,2003/2004
Jermain Defoe,21,Centre-Forward,West Ham,10500000.0,in,Winter,2003,2003/2004
Michael Brown,26,Central Midfield,Sheff Utd,700000.0,in,Winter,2003,2003/2004
Mark Yeates,18,Left Winger,Brighton,0.0,in,Winter,2003,2003/2004
Lars Hirschfeld,25,Goalkeeper,Gillingham FC,0.0,in,Winter,2003,2003/2004
Dean Marney,20,Central Midfield,QPR,0.0,in,Winter,2003,2003/2004
Johnnie Jackson,21,Central Midfield,Coventry,0.0,in,Winter,2003,2003/2004
Lee Barnard,19,Centre-Forward,Stevenage,0.0,in,Winter,2003,2003/2004
Stephen Kelly,20,Right-Back,Watford,0.0,in,Winter,2003,2003/2004
Jonathan Blondel,19,Defensive Midfield,Club Brugge,1200000.0,out,Winter,2003,2003/2004
Bobby Zamora,22,Centre-Forward,West Ham,0.0,out,Winter,2003,2003/2004
Lars Hirschfeld,25,Goalkeeper,Gillingham FC,0.0,out,Winter,2003,2003/2004
Lee Barnard,19,Centre-Forward,Stevenage,0.0,out,Winter,2003,2003/2004
Johnnie Jackson,21,Central Midfield,Coventry,0.0,out,Winter,2003,2003/2004
Mark Yeates,18,Left Winger,Brighton,0.0,out,Winter,2003,2003/2004
Dean Marney,19,Central Midfield,QPR,0.0,out,Winter,2003,2003/2004
Milenko Acimovic,26,Left Midfield,LOSC Lille,0.0,out,Winter,2003,2003/2004
Ben Bowditch,19,midfield,Akademisk BK,0.0,out,Winter,2003,2003/2004
Paul Konchesky,22,Left-Back,Charlton,0.0,out,Winter,2003,2003/2004
Sean Davis,24,Defensive Midfield,Fulham,5200000.0,in,Summer,2004,2004/2005
Thimothée Atouba,22,Left-Back,FC Basel,4500000.0,in,Summer,2004,2004/2005
Michael Carrick,23,Defensive Midfield,West Ham,4099999.9999999995,in,Summer,2004,2004/2005
Pedro Mendes,25,Defensive Midfield,FC Porto,3000000.0,in,Summer,2004,2004/2005
Paul Robinson,24,Goalkeeper,Leeds,3000000.0,in,Summer,2004,2004/2005
Noé Pamarot,25,Centre-Back,OGC Nice,2400000.0,in,Summer,2004,2004/2005
Erik Edman,25,Left-Back,Heerenveen,2000000.0,in,Summer,2004,2004/2005
Calum Davenport,21,defence,Coventry,1800000.0,in,Summer,2004,2004/2005
Reto Ziegler,18,Centre-Back,Grasshoppers,1000000.0,in,Summer,2004,2004/2005
Noureddine Naybet,34,Centre-Back,Dep. La Coruña,1000000.0,in,Summer,2004,2004/2005
Márton Fülöp,21,Goalkeeper,MTK Budapest,750000.0,in,Summer,2004,2004/2005
Leigh Mills,16,Centre-Back,Swindon U18,225000.0,in,Summer,2004,2004/2005
Edson,20,Centre-Forward,PSV Eindhoven,0.0,in,Summer,2004,2004/2005
Philip Ifil,17,Right-Back,Spurs U18,0.0,in,Summer,2004,2004/2005
Ben Bowditch,20,midfield,Akademisk BK,0.0,in,Summer,2004,2004/2005
Calum Davenport,22,defence,Southampton,0.0,in,Summer,2004,2004/2005
Márton Fülöp,21,Goalkeeper,Chesterfield FC,0.0,in,Summer,2004,2004/2005
Rob Burch,20,Goalkeeper,Stevenage,0.0,in,Summer,2004,2004/2005
Mark Yeates,19,Left Winger,Swindon Town,0.0,in,Summer,2004,2004/2005
Rob Burch,21,Goalkeeper,Stevenage,0.0,in,Summer,2004,2004/2005
Milenko Acimovic,27,Left Midfield,LOSC Lille,0.0,in,Summer,2004,2004/2005
Sergiy Rebrov,30,Second Striker,Fenerbahce,0.0,in,Summer,2004,2004/2005
Hélder Postiga,21,Centre-Forward,FC Porto,7500000.0,out,Summer,2004,2004/2005
Stephen Carr,27,Right-Back,Newcastle,3000000.0,out,Summer,2004,2004/2005
Darren Anderton,32,Right Midfield,Birmingham,0.0,out,Summer,2004,2004/2005
David Galbraith,20,Left Midfield,Northampton,0.0,out,Summer,2004,2004/2005
Danny Foster,19,Right-Back,Dag & Red FC,0.0,out,Summer,2004,2004/2005
Gary Doherty,24,Centre-Back,Norwich,0.0,out,Summer,2004,2004/2005
Sergiy Rebrov,30,Second Striker,West Ham,0.0,out,Summer,2004,2004/2005
Lars Hirschfeld,25,Goalkeeper,Dundee United,0.0,out,Summer,2004,2004/2005
Christian Ziege,32,Left Midfield,Bor. M'gladbach,0.0,out,Summer,2004,2004/2005
Milenko Acimovic,27,Left Midfield,LOSC Lille,0.0,out,Summer,2004,2004/2005
Ben Bowditch,20,midfield,Colchester Utd.,0.0,out,Summer,2004,2004/2005
Calum Davenport,21,defence,West Ham,0.0,out,Summer,2004,2004/2005
Mark Yeates,19,Left Winger,Swindon Town,0.0,out,Summer,2004,2004/2005
Rohan Ricketts,21,Attacking Midfield,Coventry,0.0,out,Summer,2004,2004/2005
Rob Burch,20,Goalkeeper,Stevenage,0.0,out,Summer,2004,2004/2005
Gustavo Poyet,36,Attacking Midfield,Retired,0.0,out,Summer,2004,2004/2005
David Limbersky,21,Left-Back,Viktoria Plzen,0.0,out,Summer,2004,2004/2005
Stéphane Dalmat,25,Central Midfield,Inter,0.0,out,Summer,2004,2004/2005
Andy Reid,22,Left Midfield,Nottm Forest,8000000.0,in,Winter,2004,2004/2005
Michael Dawson,21,Centre-Back,Nottm Forest,7000000.0,in,Winter,2004,2004/2005
Mido,21,Centre-Forward,AS Roma,2000000.0,in,Winter,2004,2004/2005
Mounir El Hamdaoui,20,Centre-Forward,Excelsior,750000.0,in,Winter,2004,2004/2005
Radek Cerny,30,Goalkeeper,Slavia Prague,400000.0,in,Winter,2004,2004/2005
Spase Dilevski,19,Defensive Midfield,PSV Eindhoven,0.0,in,Winter,2004,2004/2005
David Limbersky,21,Left-Back,Viktoria Plzen,0.0,in,Winter,2004,2004/2005
Kasey Keller,35,Goalkeeper,Southampton,0.0,in,Winter,2004,2004/2005
Rob Burch,21,Goalkeeper,West Ham,0.0,in,Winter,2004,2004/2005
Rohan Ricketts,21,Attacking Midfield,Coventry,0.0,in,Winter,2004,2004/2005
Lee Barnard,20,Centre-Forward,Leyton Orient,0.0,in,Winter,2004,2004/2005
Johnnie Jackson,22,Central Midfield,Watford,0.0,in,Winter,2004,2004/2005
Calum Davenport,21,defence,West Ham,0.0,in,Winter,2004,2004/2005
Dean Marney,20,Central Midfield,Gillingham FC,0.0,in,Winter,2004,2004/2005
Lee Barnard,20,Centre-Forward,Northampton,0.0,in,Winter,2004,2004/2005
Mauricio Taricco,31,Left-Back,West Ham,0.0,out,Winter,2004,2004/2005
Rohan Ricketts,22,Attacking Midfield,Wolves,0.0,out,Winter,2004,2004/2005
Jamie Redknapp,31,Central Midfield,Southampton,0.0,out,Winter,2004,2004/2005
Mbulelo Mabizela,24,Centre-Back,Vålerenga,0.0,out,Winter,2004,2004/2005
Kasey Keller,35,Goalkeeper,Bor. M'gladbach,0.0,out,Winter,2004,2004/2005
Kasey Keller,34,Goalkeeper,Southampton,0.0,out,Winter,2004,2004/2005
Lee Barnard,20,Centre-Forward,Northampton,0.0,out,Winter,2004,2004/2005
Dean Marney,20,Central Midfield,Gillingham FC,0.0,out,Winter,2004,2004/2005
Márton Fülöp,21,Goalkeeper,Chesterfield FC,0.0,out,Winter,2004,2004/2005
Johnnie Jackson,22,Central Midfield,Watford,0.0,out,Winter,2004,2004/2005
Edson,21,Centre-Forward,ADO Den Haag,0.0,out,Winter,2004,2004/2005
Lee Barnard,20,Centre-Forward,Leyton Orient,0.0,out,Winter,2004,2004/2005
Calum Davenport,22,defence,Southampton,0.0,out,Winter,2004,2004/2005
Rob Burch,21,Goalkeeper,Stevenage,0.0,out,Winter,2004,2004/2005
Rob Burch,21,Goalkeeper,West Ham,0.0,out,Winter,2004,2004/2005
Dean Richards,30,Centre-Back,Retired,0.0,out,Winter,2004,2004/2005
Jermaine Jenas,22,Central Midfield,Newcastle,15000000.0,in,Summer,2005,2005/2006
Tom Huddlestone,18,Defensive Midfield,Derby,4700000.0,in,Summer,2005,2005/2006
Grzegorz Rasiak,26,Centre-Forward,Derby,3500000.0,in,Summer,2005,2005/2006
Wayne Routledge,20,Left Winger,Crystal Palace,3000000.0,in,Summer,2005,2005/2006
Young-pyo Lee,28,Left-Back,PSV Eindhoven,2000000.0,in,Summer,2005,2005/2006
Aaron Lennon,18,Right Winger,Leeds,1200000.0,in,Summer,2005,2005/2006
Rodrigo Defendi,19,Centre-Back,Cruzeiro,900000.0,in,Summer,2005,2005/2006
Edgar Davids,32,Central Midfield,Inter,0.0,in,Summer,2005,2005/2006
Paul Stalteri,27,Right-Back,Werder Bremen,0.0,in,Summer,2005,2005/2006
Teemu Tainio,25,Defensive Midfield,AJ Auxerre,0.0,in,Summer,2005,2005/2006
Andy Barcham,18,Left Winger,Spurs U18,0.0,in,Summer,2005,2005/2006
Tommy Forecast,18,Goalkeeper,Spurs U18,0.0,in,Summer,2005,2005/2006
Mounir El Hamdaoui,21,Centre-Forward,Derby,0.0,in,Summer,2005,2005/2006
Mark Yeates,21,Left Winger,Colchester Utd.,0.0,in,Summer,2005,2005/2006
Edson,21,Centre-Forward,ADO Den Haag,0.0,in,Summer,2005,2005/2006
Wayne Routledge,21,Left Winger,Portsmouth,0.0,in,Summer,2005,2005/2006
Philip Ifil,19,Right-Back,Millwall,0.0,in,Summer,2005,2005/2006
Dean Marney,21,Central Midfield,Norwich,0.0,in,Summer,2005,2005/2006
Rob Burch,21,Goalkeeper,Bristol City,0.0,in,Summer,2005,2005/2006
Frédéric Kanouté,27,Centre-Forward,Sevilla FC,6500000.0,out,Summer,2005,2005/2006
Simon Davies,25,Right Midfield,Everton,5250000.0,out,Summer,2005,2005/2006
Erik Edman,26,Left-Back,Stade Rennais,3000000.0,out,Summer,2005,2005/2006
Thimothée Atouba,23,Left-Back,Hamburger SV,2500000.0,out,Summer,2005,2005/2006
Reto Ziegler,19,Centre-Back,Hamburger SV,100000.0,out,Summer,2005,2005/2006
Spase Dilevski,20,Defensive Midfield,Brisbane Roar,0.0,out,Summer,2005,2005/2006
Márton Fülöp,22,Goalkeeper,Coventry,0.0,out,Summer,2005,2005/2006
Calum Davenport,22,defence,Norwich,0.0,out,Summer,2005,2005/2006
Tom Huddlestone,18,Defensive Midfield,Wolves,0.0,out,Summer,2005,2005/2006
Mark Yeates,20,Left Winger,Colchester Utd.,0.0,out,Summer,2005,2005/2006
Johnnie Jackson,23,Central Midfield,Derby,0.0,out,Summer,2005,2005/2006
Philip Ifil,18,Right-Back,Millwall,0.0,out,Summer,2005,2005/2006
Mounir El Hamdaoui,21,Centre-Forward,Derby,0.0,out,Summer,2005,2005/2006
Rob Burch,21,Goalkeeper,Bristol City,0.0,out,Summer,2005,2005/2006
Dean Marney,21,Central Midfield,Norwich,0.0,out,Summer,2005,2005/2006
Gavin Kelly,24,Goalkeeper,Scarborough Athletic,0.0,out,Summer,2005,2005/2006
Edson,21,Centre-Forward,Tottenham Res.,0.0,out,Summer,2005,2005/2006
Danny Murphy,28,Central Midfield,Charlton,3210000.0,in,Winter,2005,2005/2006
Hossam Ghaly,24,Central Midfield,Feyenoord,3000000.0,in,Winter,2005,2005/2006
Reto Ziegler,20,Centre-Back,Hamburger SV,0.0,in,Winter,2005,2005/2006
Tom Huddlestone,19,Defensive Midfield,Wolves,0.0,in,Winter,2005,2005/2006
Johnnie Jackson,23,Central Midfield,Derby,0.0,in,Winter,2005,2005/2006
Calum Davenport,22,defence,Norwich,0.0,in,Winter,2005,2005/2006
Grzegorz Rasiak,26,Centre-Forward,Southampton,3000000.0,out,Winter,2005,2005/2006
Sean Davis,26,Defensive Midfield,Portsmouth,2800000.0,out,Winter,2005,2005/2006
Michael Brown,28,Central Midfield,Fulham,2300000.0,out,Winter,2005,2005/2006
Wayne Routledge,21,Left Winger,Portsmouth,0.0,out,Winter,2005,2005/2006
Rodrigo Defendi,19,Centre-Back,Udinese,0.0,out,Winter,2005,2005/2006
Noé Pamarot,26,Centre-Back,Portsmouth,0.0,out,Winter,2005,2005/2006
Pedro Mendes,26,Defensive Midfield,Portsmouth,0.0,out,Winter,2005,2005/2006
Reto Ziegler,20,Centre-Back,Wigan,0.0,out,Winter,2005,2005/2006
Dimitar Berbatov,25,Centre-Forward,Bay. Leverkusen,15700000.0,in,Summer,2006,2006/2007
Didier Zokora,25,Defensive Midfield,Saint-Étienne,12350000.0,in,Summer,2006,2006/2007
Pascal Chimbonda,27,Centre-Back,Wigan,10000000.0,in,Summer,2006,2006/2007
Mido,23,Centre-Forward,AS Roma,6750000.0,in,Summer,2006,2006/2007
Benoît Assou-Ekotto,22,Left-Back,Lens,5000000.0,in,Summer,2006,2006/2007
Steed Malbranque,26,Central Midfield,Fulham,3000000.0,in,Summer,2006,2006/2007
Dorian Dervite,17,Centre-Back,LOSC Lille U19,1500000.0,in,Summer,2006,2006/2007
Radek Cerny,32,Goalkeeper,Slavia Prague,200000.0,in,Summer,2006,2006/2007
Mark Hughes,19,Centre-Back,Everton Res.,0.0,in,Summer,2006,2006/2007
Rodrigo Defendi,20,Centre-Back,Udinese,0.0,in,Summer,2006,2006/2007
Reto Ziegler,20,Centre-Back,Wigan,0.0,in,Summer,2006,2006/2007
Márton Fülöp,23,Goalkeeper,Coventry,0.0,in,Summer,2006,2006/2007
Michael Carrick,25,Defensive Midfield,Man Utd,27200000.0,out,Summer,2006,2006/2007
Andy Reid,23,Left Midfield,Charlton,4200000.0,out,Summer,2006,2006/2007
Stephen Kelly,22,Right-Back,Birmingham,1600000.0,out,Summer,2006,2006/2007
Rodrigo Defendi,20,Centre-Back,AS Roma,375000.0,out,Summer,2006,2006/2007
Dean Marney,22,Central Midfield,Hull City,325000.0,out,Summer,2006,2006/2007
Mounir El Hamdaoui,21,Centre-Forward,Willem II,0.0,out,Summer,2006,2006/2007
Johnnie Jackson,23,Central Midfield,Colchester Utd.,0.0,out,Summer,2006,2006/2007
Goran Bunjevcevic,33,Centre-Back,ADO Den Haag,0.0,out,Summer,2006,2006/2007
Mark Yeates,21,Left Winger,Hull City,0.0,out,Summer,2006,2006/2007
Wayne Routledge,21,Left Winger,Fulham,0.0,out,Summer,2006,2006/2007
Noureddine Naybet,36,Centre-Back,Retired,0.0,out,Summer,2006,2006/2007
Adel Taarabt,17,Central Midfield,Lens,0.0,out,Summer,2006,2006/2007
Mido,23,Centre-Forward,AS Roma,0.0,out,Summer,2006,2006/2007
Radek Cerny,32,Goalkeeper,Slavia Prague,0.0,out,Summer,2006,2006/2007
Ricardo Rocha,28,Centre-Back,Benfica,5000000.0,in,Winter,2006,2006/2007
Ben Alnwick,20,Goalkeeper,Sunderland,1500000.0,in,Winter,2006,2006/2007
Adel Taarabt,17,Central Midfield,Lens,0.0,in,Winter,2006,2006/2007
Mark Yeates,21,Left Winger,Hull City,0.0,in,Winter,2006,2006/2007
Mark Yeates,22,Left Winger,Leicester,0.0,in,Winter,2006,2006/2007
Rob Burch,23,Goalkeeper,Barnet,0.0,in,Winter,2006,2006/2007
Márton Fülöp,23,Goalkeeper,Sunderland,0.0,in,Winter,2006,2006/2007
Calum Davenport,24,defence,West Ham,4200000.0,out,Winter,2006,2006/2007
Márton Fülöp,23,Goalkeeper,Sunderland,750000.0,out,Winter,2006,2006/2007
Edgar Davids,33,Central Midfield,Ajax,0.0,out,Winter,2006,2006/2007
Mark Hughes,20,Centre-Back,Northampton,0.0,out,Winter,2006,2006/2007
Mark Yeates,22,Left Winger,Leicester,0.0,out,Winter,2006,2006/2007
Rob Burch,23,Goalkeeper,Barnet,0.0,out,Winter,2006,2006/2007
Márton Fülöp,23,Goalkeeper,Sunderland,0.0,out,Winter,2006,2006/2007
Reto Ziegler,21,Centre-Back,Sampdoria,0.0,out,Winter,2006,2006/2007
Darren Bent,23,Centre-Forward,Charlton,24750000.0,in,Summer,2007,2007/2008
Gareth Bale,17,Right Winger,Southampton,14700000.0,in,Summer,2007,2007/2008
Younès Kaboul,21,Centre-Back,AJ Auxerre,12000000.0,in,Summer,2007,2007/2008
Kevin-Prince Boateng,20,Attacking Midfield,Hertha BSC,7900000.0,in,Summer,2007,2007/2008
Adel Taarabt,18,Central Midfield,Lens,4000000.0,in,Summer,2007,2007/2008
Danny Rose,17,Left-Back,Leeds U18,1000000.0,in,Summer,2007,2007/2008
David Button,18,Goalkeeper,Spurs U18,0.0,in,Summer,2007,2007/2008
Jamie O'Hara,20,Central Midfield,Tottenham Res.,0.0,in,Summer,2007,2007/2008
Simon Dawkins,19,Left Winger,Spurs U18,0.0,in,Summer,2007,2007/2008
Anthony Gardner,27,Centre-Back,Everton,0.0,in,Summer,2007,2007/2008
Ben Alnwick,20,Goalkeeper,Luton,0.0,in,Summer,2007,2007/2008
Ben Alnwick,21,Goalkeeper,Leicester,0.0,in,Summer,2007,2007/2008
Paul Stalteri,30,Right-Back,Fulham,0.0,in,Summer,2007,2007/2008
Wayne Routledge,22,Left Winger,Fulham,0.0,in,Summer,2007,2007/2008
Andy Barcham,21,Left Winger,Leyton Orient,0.0,in,Summer,2007,2007/2008
Reto Ziegler,21,Centre-Back,Sampdoria,0.0,in,Summer,2007,2007/2008
Rodrigo Defendi,21,Centre-Back,AS Roma,0.0,in,Summer,2007,2007/2008
Mido,24,Centre-Forward,Middlesbrough,8800000.0,out,Summer,2007,2007/2008
Reto Ziegler,21,Centre-Back,Sampdoria,2000000.0,out,Summer,2007,2007/2008
Mark Yeates,22,Left Winger,Colchester Utd.,275000.0,out,Summer,2007,2007/2008
Danny Murphy,30,Central Midfield,Fulham,0.0,out,Summer,2007,2007/2008
Rodrigo Defendi,21,Centre-Back,Avellino,0.0,out,Summer,2007,2007/2008
Rob Burch,23,Goalkeeper,Sheff Wed,0.0,out,Summer,2007,2007/2008
Leigh Mills,19,Centre-Back,Brentford,0.0,out,Summer,2007,2007/2008
Jamie O'Hara,20,Central Midfield,Millwall,0.0,out,Summer,2007,2007/2008
Lee Barnard,23,Centre-Forward,Crewe Alexandra,0.0,out,Summer,2007,2007/2008
Ben Alnwick,20,Goalkeeper,Luton,0.0,out,Summer,2007,2007/2008
Philip Ifil,20,Right-Back,Southampton,0.0,out,Summer,2007,2007/2008
Alan Hutton,23,Right-Back,Rangers,13000000.0,in,Winter,2007,2007/2008
Jonathan Woodgate,28,Centre-Back,Middlesbrough,10800000.0,in,Winter,2007,2007/2008
Chris Gunter,18,Right-Back,Cardiff,3200000.0,in,Winter,2007,2007/2008
Gilberto,31,Left Midfield,Hertha BSC,2800000.0,in,Winter,2007,2007/2008
Philip Ifil,21,Right-Back,Southampton,0.0,in,Winter,2007,2007/2008
Jamie O'Hara,21,Central Midfield,Millwall,0.0,in,Winter,2007,2007/2008
David Button,19,Goalkeeper,Rochdale,0.0,in,Winter,2007,2007/2008
Leigh Mills,19,Centre-Back,Brentford,0.0,in,Winter,2007,2007/2008
Lee Barnard,23,Centre-Forward,Crewe Alexandra,0.0,in,Winter,2007,2007/2008
Jermain Defoe,25,Centre-Forward,Portsmouth,9300000.0,out,Winter,2007,2007/2008
Wayne Routledge,23,Left Winger,Aston Villa,1700000.0,out,Winter,2007,2007/2008
Philip Ifil,21,Right-Back,Colchester Utd.,475000.0,out,Winter,2007,2007/2008
Lee Barnard,23,Centre-Forward,Southend United,0.0,out,Winter,2007,2007/2008
Hossam Ghaly,26,Central Midfield,Derby,0.0,out,Winter,2007,2007/2008
Ben Alnwick,21,Goalkeeper,Leicester,0.0,out,Winter,2007,2007/2008
Paul Stalteri,30,Right-Back,Fulham,0.0,out,Winter,2007,2007/2008
Anthony Gardner,27,Centre-Back,Everton,0.0,out,Winter,2007,2007/2008
Andy Barcham,20,Left Winger,Leyton Orient,0.0,out,Winter,2007,2007/2008
David Button,19,Goalkeeper,Rochdale,0.0,out,Winter,2007,2007/2008
Luka Modric,22,Central Midfield,Dinamo Zagreb,22500000.0,in,Summer,2008,2008/2009
David Bentley,23,Right Midfield,Blackburn,22000000.0,in,Summer,2008,2008/2009
Roman Pavlyuchenko,26,Centre-Forward,Spartak Moscow,17400000.0,in,Summer,2008,2008/2009
Vedran Corluka,22,Centre-Back,Man City,13750000.0,in,Summer,2008,2008/2009
Heurelho Gomes,27,Goalkeeper,PSV Eindhoven,9000000.0,in,Summer,2008,2008/2009
Giovani dos Santos,19,Second Striker,Barcelona,6000000.0,in,Summer,2008,2008/2009
John Bostock,16,Central Midfield,Crystal Palace,2000000.0,in,Summer,2008,2008/2009
César Sánchez,36,Goalkeeper,Real Zaragoza,0.0,in,Summer,2008,2008/2009
Fraizer Campbell,20,Centre-Forward,Man Utd,0.0,in,Summer,2008,2008/2009
Tomas Pekhart,19,Centre-Forward,Tottenham Res.,0.0,in,Summer,2008,2008/2009
Danny Hutchins,18,Right-Back,Spurs U18,0.0,in,Summer,2008,2008/2009
David Hutton,18,midfield,Spurs U18,0.0,in,Summer,2008,2008/2009
Cian Hughton,19,Right-Back,Spurs U18,0.0,in,Summer,2008,2008/2009
Jonathan Obika,17,Centre-Forward,Spurs U18,0.0,in,Summer,2008,2008/2009
Adam Smith,17,Right-Back,Spurs U18,0.0,in,Summer,2008,2008/2009
Chris Gunter,19,Right-Back,Nottm Forest,0.0,in,Summer,2008,2008/2009
Danny Rose,18,Left-Back,Watford,0.0,in,Summer,2008,2008/2009
Dorian Dervite,20,Centre-Back,Southend United,0.0,in,Summer,2008,2008/2009
Adel Taarabt,20,Central Midfield,QPR,0.0,in,Summer,2008,2008/2009
Jonathan Obika,18,Centre-Forward,Yeovil Town,0.0,in,Summer,2008,2008/2009
Hossam Ghaly,26,Central Midfield,Derby,0.0,in,Summer,2008,2008/2009
Dimitar Berbatov,27,Centre-Forward,Man Utd,38000000.0,out,Summer,2008,2008/2009
Robbie Keane,28,Centre-Forward,Liverpool,24000000.0,out,Summer,2008,2008/2009
Younès Kaboul,22,Centre-Back,Portsmouth,6250000.0,out,Summer,2008,2008/2009
Steed Malbranque,28,Central Midfield,Sunderland,5000000.0,out,Summer,2008,2008/2009
Paul Robinson,28,Goalkeeper,Blackburn,4400000.0,out,Summer,2008,2008/2009
Pascal Chimbonda,29,Centre-Back,Sunderland,3200000.0,out,Summer,2008,2008/2009
Anthony Gardner,27,Centre-Back,Hull City,3200000.0,out,Summer,2008,2008/2009
Teemu Tainio,28,Defensive Midfield,Sunderland,3000000.0,out,Summer,2008,2008/2009
Young-pyo Lee,31,Left-Back,Bor. Dortmund,500000.0,out,Summer,2008,2008/2009
Tommy Forecast,21,Goalkeeper,Southampton,400000.0,out,Summer,2008,2008/2009
Radek Cerny,34,Goalkeeper,QPR,0.0,out,Summer,2008,2008/2009
Leigh Mills,20,Centre-Back,Gillingham FC,0.0,out,Summer,2008,2008/2009
Ben Alnwick,21,Goalkeeper,Carlisle United,0.0,out,Summer,2008,2008/2009
Andy Barcham,21,Left Winger,Gillingham FC,0.0,out,Summer,2008,2008/2009
David Button,19,Goalkeeper,Grays Athletic FC,0.0,out,Summer,2008,2008/2009
Tomas Pekhart,19,Centre-Forward,Southampton,0.0,out,Summer,2008,2008/2009
Simon Dawkins,20,Left Winger,Leyton Orient,0.0,out,Summer,2008,2008/2009
Robbie Keane,28,Centre-Forward,Liverpool,16700000.0,in,Winter,2008,2008/2009
Jermain Defoe,26,Centre-Forward,Portsmouth,16399999.999999998,in,Winter,2008,2008/2009
Wilson Palacios,24,Defensive Midfield,Wigan,15000000.0,in,Winter,2008,2008/2009
Pascal Chimbonda,29,Centre-Back,Sunderland,3200000.0,in,Winter,2008,2008/2009
Carlo Cudicini,35,Goalkeeper,Chelsea,0.0,in,Winter,2008,2008/2009
David Button,20,Goalkeeper,Luton,0.0,in,Winter,2008,2008/2009
David Button,19,Goalkeeper,Bournemouth,0.0,in,Winter,2008,2008/2009
Tomas Pekhart,19,Centre-Forward,Southampton,0.0,in,Winter,2008,2008/2009
Simon Dawkins,21,Left Winger,Leyton Orient,0.0,in,Winter,2008,2008/2009
Leigh Mills,20,Centre-Back,Gillingham FC,0.0,in,Winter,2008,2008/2009
Andy Barcham,22,Left Winger,Gillingham FC,0.0,in,Winter,2008,2008/2009
David Button,19,Goalkeeper,Grays Athletic FC,0.0,in,Winter,2008,2008/2009
Ben Alnwick,21,Goalkeeper,Carlisle United,0.0,in,Winter,2008,2008/2009
Kevin-Prince Boateng,21,Attacking Midfield,Bor. Dortmund,100000.0,out,Winter,2008,2008/2009
Paul Stalteri,31,Right-Back,Bor. M'gladbach,0.0,out,Winter,2008,2008/2009
Danny Hutchins,19,Right-Back,Yeovil Town,0.0,out,Winter,2008,2008/2009
César Sánchez,37,Goalkeeper,Valencia,0.0,out,Winter,2008,2008/2009
Andy Barcham,22,Left Winger,Gillingham FC,0.0,out,Winter,2008,2008/2009
Hossam Ghaly,27,Central Midfield,Al-Nassr FC,0.0,out,Winter,2008,2008/2009
David Hutton,19,midfield,Cheltenham,0.0,out,Winter,2008,2008/2009
Jonathan Obika,18,Centre-Forward,Yeovil Town,0.0,out,Winter,2008,2008/2009
David Button,20,Goalkeeper,Dag & Red FC,0.0,out,Winter,2008,2008/2009
Danny Rose,18,Left-Back,Watford,0.0,out,Winter,2008,2008/2009
Giovani dos Santos,19,Second Striker,Ipswich,0.0,out,Winter,2008,2008/2009
Adel Taarabt,19,Central Midfield,QPR,0.0,out,Winter,2008,2008/2009
Chris Gunter,19,Right-Back,Nottm Forest,0.0,out,Winter,2008,2008/2009
David Button,20,Goalkeeper,Luton,0.0,out,Winter,2008,2008/2009
Dorian Dervite,20,Centre-Back,Southend United,0.0,out,Winter,2008,2008/2009
David Button,19,Goalkeeper,Bournemouth,0.0,out,Winter,2008,2008/2009
Tomas Pekhart,19,Centre-Forward,Slavia Prague,0.0,out,Winter,2008,2008/2009
Leigh Mills,20,Centre-Back,Without Club,0.0,out,Winter,2008,2008/2009
Peter Crouch,28,Centre-Forward,Portsmouth,10500000.0,in,Summer,2009,2009/2010
Sébastien Bassong,23,Centre-Back,Newcastle,9300000.0,in,Summer,2009,2009/2010
Kyle Naughton,20,Right-Back,Sheff Utd,5900000.0,in,Summer,2009,2009/2010
Kyle Walker,19,Right-Back,Sheff Utd,5900000.0,in,Summer,2009,2009/2010
Niko Kranjcar,25,Attacking Midfield,Portsmouth,2800000.0,in,Summer,2009,2009/2010
Jimmy Walker,36,Goalkeeper,West Ham,0.0,in,Summer,2009,2009/2010
Oscar Jansson,18,Goalkeeper,Spurs U18,0.0,in,Summer,2009,2009/2010
Ryan Mason,18,Central Midfield,Spurs U18,0.0,in,Summer,2009,2009/2010
Steven Caulker,17,Centre-Back,Spurs U18,0.0,in,Summer,2009,2009/2010
Ryan Mason,18,Central Midfield,Yeovil Town,0.0,in,Summer,2009,2009/2010
Adam Smith,19,Right-Back,Torquay,0.0,in,Summer,2009,2009/2010
David Button,20,Goalkeeper,Dag & Red FC,0.0,in,Summer,2009,2009/2010
Jonathan Obika,19,Centre-Forward,Millwall,0.0,in,Summer,2009,2009/2010
Kyle Naughton,21,Right-Back,Middlesbrough,0.0,in,Summer,2009,2009/2010
Adel Taarabt,21,Central Midfield,QPR,0.0,in,Summer,2009,2009/2010
Alan Hutton,25,Right-Back,Sunderland,0.0,in,Summer,2009,2009/2010
Robbie Keane,29,Centre-Forward,Celtic,0.0,in,Summer,2009,2009/2010
Adam Smith,18,Right-Back,Wycombe,0.0,in,Summer,2009,2009/2010
Ben Alnwick,22,Goalkeeper,Norwich,0.0,in,Summer,2009,2009/2010
David Hutton,19,midfield,Cheltenham,0.0,in,Summer,2009,2009/2010
Giovani dos Santos,20,Second Striker,Ipswich,0.0,in,Summer,2009,2009/2010
Kevin-Prince Boateng,22,Attacking Midfield,Bor. Dortmund,0.0,in,Summer,2009,2009/2010
Darren Bent,25,Centre-Forward,Sunderland,11800000.0,out,Summer,2009,2009/2010
Didier Zokora,28,Defensive Midfield,Sevilla FC,9000000.0,out,Summer,2009,2009/2010
Kevin-Prince Boateng,22,Attacking Midfield,Portsmouth,4500000.0,out,Summer,2009,2009/2010
Chris Gunter,19,Right-Back,Nottm Forest,2000000.0,out,Summer,2009,2009/2010
Pascal Chimbonda,30,Centre-Back,Blackburn,1700000.0,out,Summer,2009,2009/2010
Gilberto,33,Left Midfield,Cruzeiro,0.0,out,Summer,2009,2009/2010
Cian Hughton,20,Right-Back,Lincoln City,0.0,out,Summer,2009,2009/2010
David Hutton,19,midfield,Cheltenham,0.0,out,Summer,2009,2009/2010
Ricardo Rocha,30,Centre-Back,Standard Liège,0.0,out,Summer,2009,2009/2010
Ben Alnwick,22,Goalkeeper,Norwich,0.0,out,Summer,2009,2009/2010
Jamie O'Hara,22,Central Midfield,Portsmouth,0.0,out,Summer,2009,2009/2010
Oscar Jansson,18,Goalkeeper,Exeter City,0.0,out,Summer,2009,2009/2010
Steven Caulker,17,Centre-Back,Yeovil Town,0.0,out,Summer,2009,2009/2010
Ryan Mason,18,Central Midfield,Yeovil Town,0.0,out,Summer,2009,2009/2010
Kyle Walker,19,Right-Back,Sheff Utd,0.0,out,Summer,2009,2009/2010
Adel Taarabt,20,Central Midfield,QPR,0.0,out,Summer,2009,2009/2010
David Button,20,Goalkeeper,Crewe Alexandra,0.0,out,Summer,2009,2009/2010
Jonathan Obika,18,Centre-Forward,Yeovil Town,0.0,out,Summer,2009,2009/2010
Adam Smith,18,Right-Back,Wycombe,0.0,out,Summer,2009,2009/2010
Danny Rose,19,Left-Back,Peterborough,0.0,out,Summer,2009,2009/2010
Simon Dawkins,21,Left Winger,Without Club,0.0,out,Summer,2009,2009/2010
Fraizer Campbell,21,Centre-Forward,Man Utd,0.0,out,Summer,2009,2009/2010
Younès Kaboul,23,Centre-Back,Portsmouth,5900000.0,in,Winter,2009,2009/2010
Eidur Gudjohnsen,31,Centre-Forward,Monaco,0.0,in,Winter,2009,2009/2010
Kyle Walker,19,Right-Back,Sheff Utd,0.0,in,Winter,2009,2009/2010
John Bostock,17,Central Midfield,Brentford,0.0,in,Winter,2009,2009/2010
Oscar Jansson,19,Goalkeeper,Exeter City,0.0,in,Winter,2009,2009/2010
David Button,20,Goalkeeper,Crewe Alexandra,0.0,in,Winter,2009,2009/2010
Danny Rose,19,Left-Back,Peterborough,0.0,in,Winter,2009,2009/2010
Tomas Pekhart,20,Centre-Forward,Slavia Prague,0.0,in,Winter,2009,2009/2010
Jonathan Obika,19,Centre-Forward,Yeovil Town,0.0,in,Winter,2009,2009/2010
Robbie Keane,29,Centre-Forward,Celtic,1200000.0,out,Winter,2009,2009/2010
Tomas Pekhart,20,Centre-Forward,FK Jablonec,800000.0,out,Winter,2009,2009/2010
Giovani dos Santos,20,Second Striker,Galatasaray,700000.0,out,Winter,2009,2009/2010
Jonathan Obika,19,Centre-Forward,Millwall,0.0,out,Winter,2009,2009/2010
John Bostock,17,Central Midfield,Brentford,0.0,out,Winter,2009,2009/2010
David Button,20,Goalkeeper,Shrewsbury,0.0,out,Winter,2009,2009/2010
Adam Smith,18,Right-Back,Torquay,0.0,out,Winter,2009,2009/2010
Alan Hutton,25,Right-Back,Sunderland,0.0,out,Winter,2009,2009/2010
Kyle Naughton,21,Right-Back,Middlesbrough,0.0,out,Winter,2009,2009/2010
Rafael van der Vaart,27,Attacking Midfield,Real Madrid,10500000.0,in,Summer,2010,2010/2011
Sandro,21,Defensive Midfield,Internacional,10000000.0,in,Summer,2010,2010/2011
Stipe Pletikosa,31,Goalkeeper,Spartak Moscow,700000.0,in,Summer,2010,2010/2011
William Gallas,33,Centre-Back,Arsenal,0.0,in,Summer,2010,2010/2011
Jake Livermore,20,Defensive Midfield,Tottenham Res.,0.0,in,Summer,2010,2010/2011
Tom Carroll,18,Central Midfield,Spurs U18,0.0,in,Summer,2010,2010/2011
Paul-José Mpoku,18,Attacking Midfield,Spurs U18,0.0,in,Summer,2010,2010/2011
Mirko Ranieri,18,Goalkeeper,Spurs U18,0.0,in,Summer,2010,2010/2011
Ryan Fredericks,17,Right-Back,Spurs U18,0.0,in,Summer,2010,2010/2011
Cameron Lancaster,17,Centre-Forward,Spurs U18,0.0,in,Summer,2010,2010/2011
Robbie Keane,30,Centre-Forward,West Ham,0.0,in,Summer,2010,2010/2011
Jamie O'Hara,23,Central Midfield,Portsmouth,0.0,in,Summer,2010,2010/2011
Giovani dos Santos,21,Second Striker,Galatasaray,0.0,in,Summer,2010,2010/2011
Harry Kane,17,Centre-Forward,Leyton Orient,0.0,in,Summer,2010,2010/2011
David Button,21,Goalkeeper,Shrewsbury,0.0,in,Summer,2010,2010/2011
Cameron Lancaster,18,Centre-Forward,Dag & Red FC,0.0,in,Summer,2010,2010/2011
Jake Livermore,21,Defensive Midfield,Leeds,0.0,in,Summer,2010,2010/2011
Paul-José Mpoku,19,Attacking Midfield,Leyton Orient,0.0,in,Summer,2010,2010/2011
David Button,22,Goalkeeper,Plymouth,0.0,in,Summer,2010,2010/2011
Tom Carroll,18,Central Midfield,Leyton Orient,0.0,in,Summer,2010,2010/2011
David Bentley,26,Right Midfield,Birmingham,0.0,in,Summer,2010,2010/2011
Kyle Walker,21,Right-Back,Aston Villa,0.0,in,Summer,2010,2010/2011
Oscar Jansson,19,Goalkeeper,Northampton,0.0,in,Summer,2010,2010/2011
Steven Caulker,18,Centre-Back,Yeovil Town,0.0,in,Summer,2010,2010/2011
Kyle Naughton,22,Right-Back,Leicester,0.0,in,Summer,2010,2010/2011
Adel Taarabt,21,Central Midfield,QPR,1200000.0,out,Summer,2010,2010/2011
Kyle Walker,20,Right-Back,QPR,235000.0,out,Summer,2010,2010/2011
Dorian Dervite,22,Centre-Back,Villarreal CF B,0.0,out,Summer,2010,2010/2011
John Bostock,18,Central Midfield,Hull City,0.0,out,Summer,2010,2010/2011
Kyle Naughton,21,Right-Back,Leicester,0.0,out,Summer,2010,2010/2011
Paul-José Mpoku,18,Attacking Midfield,Leyton Orient,0.0,out,Summer,2010,2010/2011
Steven Caulker,18,Centre-Back,Bristol City,0.0,out,Summer,2010,2010/2011
Adam Smith,19,Right-Back,Bournemouth,0.0,out,Summer,2010,2010/2011
Jake Livermore,20,Defensive Midfield,Ipswich,0.0,out,Summer,2010,2010/2011
Danny Rose,20,Left-Back,Bristol City,0.0,out,Summer,2010,2010/2011
Jonathan Obika,19,Centre-Forward,Crystal Palace,0.0,out,Summer,2010,2010/2011
Ryan Mason,19,Central Midfield,Doncaster,0.0,out,Summer,2010,2010/2011
Ben Alnwick,23,Goalkeeper,Leeds,0.0,out,Summer,2010,2010/2011
Oscar Jansson,19,Goalkeeper,Northampton,0.0,out,Summer,2010,2010/2011
David Button,21,Goalkeeper,Plymouth,0.0,out,Summer,2010,2010/2011
Jimmy Walker,36,Goalkeeper,Without Club,0.0,out,Summer,2010,2010/2011
Eidur Gudjohnsen,31,Centre-Forward,Monaco,0.0,out,Summer,2010,2010/2011
Steven Pienaar,28,Left Winger,Everton,3600000.0,in,Winter,2010,2010/2011
Bongani Khumalo,23,Centre-Back,SuperSport Utd.,1800000.0,in,Winter,2010,2010/2011
Harry Kane,17,Centre-Forward,Spurs U18,0.0,in,Winter,2010,2010/2011
Simon Dawkins,23,Left Winger,Without Club,0.0,in,Winter,2010,2010/2011
Mirko Ranieri,19,Goalkeeper,Basingstoke,0.0,in,Winter,2010,2010/2011
John Bostock,18,Central Midfield,Hull City,0.0,in,Winter,2010,2010/2011
Danny Rose,20,Left-Back,Bristol City,0.0,in,Winter,2010,2010/2011
Kyle Walker,20,Right-Back,QPR,0.0,in,Winter,2010,2010/2011
Jake Livermore,21,Defensive Midfield,Ipswich,0.0,in,Winter,2010,2010/2011
Ben Alnwick,23,Goalkeeper,Leeds,0.0,in,Winter,2010,2010/2011
Ben Alnwick,24,Goalkeeper,Doncaster,0.0,in,Winter,2010,2010/2011
Jonathan Obika,20,Centre-Forward,Swindon Town,0.0,in,Winter,2010,2010/2011
Jonathan Obika,20,Centre-Forward,Peterborough,0.0,in,Winter,2010,2010/2011
Jonathan Obika,20,Centre-Forward,Crystal Palace,0.0,in,Winter,2010,2010/2011
Robbie Keane,30,Centre-Forward,West Ham,1200000.0,out,Winter,2010,2010/2011
Giovani dos Santos,21,Second Striker,Racing,300000.0,out,Winter,2010,2010/2011
Jonathan Obika,20,Centre-Forward,Peterborough,0.0,out,Winter,2010,2010/2011
Mirko Ranieri,18,Goalkeeper,Basingstoke,0.0,out,Winter,2010,2010/2011
Cameron Lancaster,18,Centre-Forward,Dag & Red FC,0.0,out,Winter,2010,2010/2011
Jonathan Obika,20,Centre-Forward,Yeovil Town,0.0,out,Winter,2010,2010/2011
Jake Livermore,21,Defensive Midfield,Leeds,0.0,out,Winter,2010,2010/2011
Bongani Khumalo,24,Centre-Back,Preston,0.0,out,Winter,2010,2010/2011
Ben Alnwick,24,Goalkeeper,Doncaster,0.0,out,Winter,2010,2010/2011
Jonathan Obika,20,Centre-Forward,Swindon Town,0.0,out,Winter,2010,2010/2011
Jamie O'Hara,24,Central Midfield,Wolves,0.0,out,Winter,2010,2010/2011
David Bentley,26,Right Midfield,Birmingham,0.0,out,Winter,2010,2010/2011
Harry Kane,17,Centre-Forward,Leyton Orient,0.0,out,Winter,2010,2010/2011
Tom Carroll,18,Central Midfield,Leyton Orient,0.0,out,Winter,2010,2010/2011
Kyle Walker,20,Right-Back,Aston Villa,0.0,out,Winter,2010,2010/2011
Simon Dawkins,23,Left Winger,San Jose,0.0,out,Winter,2010,2010/2011
Scott Parker,30,Central Midfield,West Ham,5750000.0,in,Summer,2011,2011/2012
Emmanuel Adebayor,27,Centre-Forward,Man City,2250000.0,in,Summer,2011,2011/2012
Brad Friedel,40,Goalkeeper,Aston Villa,0.0,in,Summer,2011,2011/2012
Iago Falque,21,Right Winger,Juventus U19,0.0,in,Summer,2011,2011/2012
Andros Townsend,19,Right Winger,Tottenham Res.,0.0,in,Summer,2011,2011/2012
Alex Pritchard,18,Attacking Midfield,Spurs U18,0.0,in,Summer,2011,2011/2012
Ryan Mason,20,Central Midfield,Millwall,0.0,in,Summer,2011,2011/2012
Adam Smith,20,Right-Back,Bournemouth,0.0,in,Summer,2011,2011/2012
Andros Townsend,20,Right Winger,Birmingham,0.0,in,Summer,2011,2011/2012
Steven Pienaar,30,Left Winger,Everton,0.0,in,Summer,2011,2011/2012
Sébastien Bassong,25,Centre-Back,Wolves,0.0,in,Summer,2011,2011/2012
Tom Carroll,19,Central Midfield,Derby,0.0,in,Summer,2011,2011/2012
Iago Falque,22,Right Winger,Southampton,0.0,in,Summer,2011,2011/2012
Harry Kane,18,Centre-Forward,Millwall,0.0,in,Summer,2011,2011/2012
Steven Caulker,19,Centre-Back,Bristol City,0.0,in,Summer,2011,2011/2012
Jamie O'Hara,24,Central Midfield,Wolves,0.0,in,Summer,2011,2011/2012
Jermaine Jenas,29,Central Midfield,Aston Villa,0.0,in,Summer,2011,2011/2012
Giovani dos Santos,22,Second Striker,Racing,0.0,in,Summer,2011,2011/2012
Bongani Khumalo,24,Centre-Back,Preston,0.0,in,Summer,2011,2011/2012
Jonathan Obika,21,Centre-Forward,Yeovil Town,0.0,in,Summer,2011,2011/2012
Oscar Jansson,20,Goalkeeper,Bradford,0.0,in,Summer,2011,2011/2012
David Bentley,27,Right Midfield,West Ham,0.0,in,Summer,2011,2011/2012
Peter Crouch,30,Centre-Forward,Stoke City,11300000.0,out,Summer,2011,2011/2012
Wilson Palacios,26,Defensive Midfield,Stoke City,9000000.0,out,Summer,2011,2011/2012
Alan Hutton,26,Right-Back,Aston Villa,4500000.0,out,Summer,2011,2011/2012
Jamie O'Hara,24,Central Midfield,Wolves,3750000.0,out,Summer,2011,2011/2012
Robbie Keane,31,Centre-Forward,Los Angeles,3750000.0,out,Summer,2011,2011/2012
Jermaine Jenas,28,Central Midfield,Aston Villa,1000000.0,out,Summer,2011,2011/2012
Paul-José Mpoku,19,Attacking Midfield,Standard Liège,400000.0,out,Summer,2011,2011/2012
Jonathan Woodgate,31,Centre-Back,Stoke City,0.0,out,Summer,2011,2011/2012
Kyle Naughton,22,Right-Back,Norwich,0.0,out,Summer,2011,2011/2012
David Bentley,27,Right Midfield,West Ham,0.0,out,Summer,2011,2011/2012
Adam Smith,20,Right-Back,MK Dons,0.0,out,Summer,2011,2011/2012
Oscar Jansson,20,Goalkeeper,Bradford,0.0,out,Summer,2011,2011/2012
Bongani Khumalo,24,Centre-Back,Reading,0.0,out,Summer,2011,2011/2012
Steven Caulker,19,Centre-Back,Swansea,0.0,out,Summer,2011,2011/2012
David Button,22,Goalkeeper,Leyton Orient,0.0,out,Summer,2011,2011/2012
Ben Alnwick,24,Goalkeeper,Leyton Orient,0.0,out,Summer,2011,2011/2012
Stipe Pletikosa,32,Goalkeeper,Spartak Moscow,0.0,out,Summer,2011,2011/2012
Emmanuel Adebayor,28,Centre-Forward,Man City,0.0,out,Summer,2011,2011/2012
Iago Falque,22,Right Winger,Juventus U19,1000000.0,in,Winter,2011,2011/2012
Ryan Nelsen,34,Centre-Back,Blackburn,0.0,in,Winter,2011,2011/2012
Louis Saha,33,Centre-Forward,Everton,0.0,in,Winter,2011,2011/2012
David Button,23,Goalkeeper,Barnsley FC,0.0,in,Winter,2011,2011/2012
John Bostock,20,Central Midfield,Sheff Wed,0.0,in,Winter,2011,2011/2012
Ryan Mason,20,Central Midfield,Doncaster,0.0,in,Winter,2011,2011/2012
Adam Smith,20,Right-Back,Leeds,0.0,in,Winter,2011,2011/2012
David Button,23,Goalkeeper,Doncaster,0.0,in,Winter,2011,2011/2012
Andros Townsend,20,Right Winger,Leeds,0.0,in,Winter,2011,2011/2012
Ben Alnwick,24,Goalkeeper,Leyton Orient,0.0,in,Winter,2011,2011/2012
David Button,22,Goalkeeper,Leyton Orient,0.0,in,Winter,2011,2011/2012
Adam Smith,20,Right-Back,MK Dons,0.0,in,Winter,2011,2011/2012
Bongani Khumalo,24,Centre-Back,Reading,0.0,in,Winter,2011,2011/2012
Simon Dawkins,24,Left Winger,San Jose,0.0,in,Winter,2011,2011/2012
Roman Pavlyuchenko,30,Centre-Forward,Loko Moscow,9000000.0,out,Winter,2011,2011/2012
Vedran Corluka,25,Centre-Back,Bay. Leverkusen,550000.0,out,Winter,2011,2011/2012
David Button,22,Goalkeeper,Doncaster,0.0,out,Winter,2011,2011/2012
Adam Smith,20,Right-Back,Leeds,0.0,out,Winter,2011,2011/2012
Steven Pienaar,29,Left Winger,Everton,0.0,out,Winter,2011,2011/2012
Sébastien Bassong,25,Centre-Back,Wolves,0.0,out,Winter,2011,2011/2012
Tom Carroll,19,Central Midfield,Derby,0.0,out,Winter,2011,2011/2012
Iago Falque,22,Right Winger,Southampton,0.0,out,Winter,2011,2011/2012
John Bostock,19,Central Midfield,Sheff Wed,0.0,out,Winter,2011,2011/2012
Andros Townsend,20,Right Winger,Leeds,0.0,out,Winter,2011,2011/2012
Harry Kane,18,Centre-Forward,Millwall,0.0,out,Winter,2011,2011/2012
Ryan Mason,20,Central Midfield,Millwall,0.0,out,Winter,2011,2011/2012
Oscar Jansson,21,Goalkeeper,Shamrock Rovers,0.0,out,Winter,2011,2011/2012
Andros Townsend,20,Right Winger,Birmingham,0.0,out,Winter,2011,2011/2012
John Bostock,20,Central Midfield,Swindon Town,0.0,out,Winter,2011,2011/2012
David Button,23,Goalkeeper,Barnsley FC,0.0,out,Winter,2011,2011/2012
Simon Dawkins,24,Left Winger,San Jose,0.0,out,Winter,2011,2011/2012
Iago Falque,22,Right Winger,Juventus U19,0.0,out,Winter,2011,2011/2012
Mousa Dembélé,25,Central Midfield,Fulham,19000000.0,in,Summer,2012,2012/2013
Hugo Lloris,25,Goalkeeper,Olympique Lyon,12600000.0,in,Summer,2012,2012/2013
Jan Vertonghen,25,Centre-Back,Ajax,12500000.0,in,Summer,2012,2012/2013
Gylfi Sigurdsson,22,Attacking Midfield,TSG Hoffenheim,10000000.0,in,Summer,2012,2012/2013
Clint Dempsey,29,Second Striker,Fulham,7500000.0,in,Summer,2012,2012/2013
Emmanuel Adebayor,28,Centre-Forward,Man City,6400000.0,in,Summer,2012,2012/2013
Grant Hall,20,Centre-Back,Brighton,0.0,in,Summer,2012,2012/2013
Jonathan Miles,19,Goalkeeper,Spurs U18,0.0,in,Summer,2012,2012/2013
Andros Townsend,21,Right Winger,QPR,0.0,in,Summer,2012,2012/2013
John Bostock,21,Central Midfield,Toronto,0.0,in,Summer,2012,2012/2013
Alex Pritchard,20,Attacking Midfield,Peterborough,0.0,in,Summer,2012,2012/2013
David Bentley,28,Right Midfield,Blackburn,0.0,in,Summer,2012,2012/2013
Harry Kane,19,Centre-Forward,Leicester,0.0,in,Summer,2012,2012/2013
Jonathan Obika,22,Centre-Forward,Charlton,0.0,in,Summer,2012,2012/2013
Jonathan Miles,20,Goalkeeper,Dag & Red FC,0.0,in,Summer,2012,2012/2013
Steven Caulker,20,Centre-Back,Swansea,0.0,in,Summer,2012,2012/2013
Adam Smith,22,Right-Back,Millwall,0.0,in,Summer,2012,2012/2013
Danny Rose,22,Left-Back,Sunderland,0.0,in,Summer,2012,2012/2013
Ryan Fredericks,20,Right-Back,Brentford,0.0,in,Summer,2012,2012/2013
John Bostock,20,Central Midfield,Swindon Town,0.0,in,Summer,2012,2012/2013
Oscar Jansson,21,Goalkeeper,Shamrock Rovers,0.0,in,Summer,2012,2012/2013
Vedran Corluka,26,Centre-Back,Bay. Leverkusen,0.0,in,Summer,2012,2012/2013
Kyle Naughton,23,Right-Back,Norwich,0.0,in,Summer,2012,2012/2013
Luka Modric,26,Central Midfield,Real Madrid,35000000.0,out,Summer,2012,2012/2013
Rafael van der Vaart,29,Attacking Midfield,Hamburger SV,13000000.0,out,Summer,2012,2012/2013
Niko Kranjcar,27,Attacking Midfield,Dynamo Kyiv,7000000.0,out,Summer,2012,2012/2013
Vedran Corluka,26,Centre-Back,Loko Moscow,7000000.0,out,Summer,2012,2012/2013
Steven Pienaar,30,Left Winger,Everton,5750000.0,out,Summer,2012,2012/2013
Sébastien Bassong,26,Centre-Back,Norwich,3000000.0,out,Summer,2012,2012/2013
Giovani dos Santos,23,Second Striker,RCD Mallorca,1000000.0,out,Summer,2012,2012/2013
David Button,23,Goalkeeper,Charlton,630000.0,out,Summer,2012,2012/2013
Ryan Nelsen,34,Centre-Back,QPR,0.0,out,Summer,2012,2012/2013
Oscar Jansson,21,Goalkeeper,Shamrock Rovers,0.0,out,Summer,2012,2012/2013
Ben Alnwick,25,Goalkeeper,Barnsley FC,0.0,out,Summer,2012,2012/2013
Louis Saha,34,Centre-Forward,Sunderland,0.0,out,Summer,2012,2012/2013
Jermaine Jenas,29,Central Midfield,Nottm Forest,0.0,out,Summer,2012,2012/2013
Ryan Fredericks,19,Right-Back,Brentford,0.0,out,Summer,2012,2012/2013
John Bostock,20,Central Midfield,Swindon Town,0.0,out,Summer,2012,2012/2013
Bongani Khumalo,25,Centre-Back,PAOK Salonika,0.0,out,Summer,2012,2012/2013
David Bentley,28,Right Midfield,Rostov,0.0,out,Summer,2012,2012/2013
Harry Kane,19,Centre-Forward,Norwich,0.0,out,Summer,2012,2012/2013
Danny Rose,22,Left-Back,Sunderland,0.0,out,Summer,2012,2012/2013
Ledley King,31,Centre-Back,Retired,0.0,out,Summer,2012,2012/2013
Zeki Fryers,20,Left-Back,Standard Liège,3500000.0,in,Winter,2012,2012/2013
Lewis Holtby,22,Central Midfield,FC Schalke 04,1750000.0,in,Winter,2012,2012/2013
Simon Dawkins,25,Left Winger,San Jose,0.0,in,Winter,2012,2012/2013
Jermaine Jenas,29,Central Midfield,Nottm Forest,0.0,in,Winter,2012,2012/2013
David Bentley,28,Right Midfield,Rostov,0.0,in,Winter,2012,2012/2013
Harry Kane,19,Centre-Forward,Norwich,0.0,in,Winter,2012,2012/2013
John Bostock,20,Central Midfield,Swindon Town,0.0,in,Winter,2012,2012/2013
Heurelho Gomes,31,Goalkeeper,TSG Hoffenheim,400000.0,out,Winter,2012,2012/2013
Carlo Cudicini,39,Goalkeeper,Los Angeles,0.0,out,Winter,2012,2012/2013
Jermaine Jenas,29,Central Midfield,QPR,0.0,out,Winter,2012,2012/2013
Jonathan Miles,19,Goalkeeper,Dag & Red FC,0.0,out,Winter,2012,2012/2013
Jonathan Obika,22,Centre-Forward,Charlton,0.0,out,Winter,2012,2012/2013
David Bentley,28,Right Midfield,Blackburn,0.0,out,Winter,2012,2012/2013
Alex Pritchard,19,Attacking Midfield,Peterborough,0.0,out,Winter,2012,2012/2013
Andros Townsend,21,Right Winger,QPR,0.0,out,Winter,2012,2012/2013
Simon Dawkins,25,Left Winger,Aston Villa,0.0,out,Winter,2012,2012/2013
Ryan Mason,21,Central Midfield,FC Lorient,0.0,out,Winter,2012,2012/2013
Iago Falque,23,Right Winger,UD Almería,0.0,out,Winter,2012,2012/2013
Adam Smith,21,Right-Back,Millwall,0.0,out,Winter,2012,2012/2013
Harry Kane,19,Centre-Forward,Leicester,0.0,out,Winter,2012,2012/2013
John Bostock,21,Central Midfield,Toronto,0.0,out,Winter,2012,2012/2013
Erik Lamela,21,Right Winger,AS Roma,30000000.0,in,Summer,2013,2013/2014
Roberto Soldado,28,Centre-Forward,Valencia,30000000.0,in,Summer,2013,2013/2014
Paulinho,24,Central Midfield,Corinthians,19750000.0,in,Summer,2013,2013/2014
Christian Eriksen,21,Attacking Midfield,Ajax,14150000.0,in,Summer,2013,2013/2014
Étienne Capoue,25,Defensive Midfield,Toulouse,11000000.0,in,Summer,2013,2013/2014
Vlad Chiriches,23,Centre-Back,Steaua Bucharest,9500000.0,in,Summer,2013,2013/2014
Nacer Chadli,23,Left Winger,Twente FC,8150000.0,in,Summer,2013,2013/2014
Cristian Ceballos,20,Left Winger,Tottenham U21,0.0,in,Summer,2013,2013/2014
Jordan Archer,20,Goalkeeper,Tottenham U21,0.0,in,Summer,2013,2013/2014
Tomislav Gomelt,18,Central Midfield,Spurs U18,0.0,in,Summer,2013,2013/2014
Jake Livermore,24,Defensive Midfield,Hull City,0.0,in,Summer,2013,2013/2014
Ryan Mason,22,Central Midfield,Swindon Town,0.0,in,Summer,2013,2013/2014
Grant Hall,22,Centre-Back,Swindon Town,0.0,in,Summer,2013,2013/2014
Benoît Assou-Ekotto,30,Left-Back,QPR,0.0,in,Summer,2013,2013/2014
Tom Carroll,22,Central Midfield,QPR,0.0,in,Summer,2013,2013/2014
Simon Dawkins,25,Left Winger,Aston Villa,0.0,in,Summer,2013,2013/2014
Ryan Mason,22,Central Midfield,FC Lorient,0.0,in,Summer,2013,2013/2014
Heurelho Gomes,32,Goalkeeper,TSG Hoffenheim,0.0,in,Summer,2013,2013/2014
Ryan Fredericks,21,Right-Back,Millwall,0.0,in,Summer,2013,2013/2014
Lewis Holtby,23,Central Midfield,Fulham,0.0,in,Summer,2013,2013/2014
Jonathan Obika,23,Centre-Forward,Charlton,0.0,in,Summer,2013,2013/2014
Bongani Khumalo,27,Centre-Back,Doncaster,0.0,in,Summer,2013,2013/2014
Iago Falque,23,Right Winger,UD Almería,0.0,in,Summer,2013,2013/2014
Bongani Khumalo,26,Centre-Back,PAOK Salonika,0.0,in,Summer,2013,2013/2014
Gareth Bale,24,Right Winger,Real Madrid,101000000.0,out,Summer,2013,2013/2014
Steven Caulker,21,Centre-Back,Cardiff,9150000.0,out,Summer,2013,2013/2014
Clint Dempsey,30,Second Striker,Seattle,8180000.0,out,Summer,2013,2013/2014
Tom Huddlestone,26,Defensive Midfield,Hull City,5800000.0,out,Summer,2013,2013/2014
Scott Parker,32,Central Midfield,Fulham,4300000.0,out,Summer,2013,2013/2014
Jake Livermore,23,Defensive Midfield,Hull City,300000.0,out,Summer,2013,2013/2014
John Bostock,21,Central Midfield,Royal Antwerp,0.0,out,Summer,2013,2013/2014
Iago Falque,23,Right Winger,Rayo Vallecano,0.0,out,Summer,2013,2013/2014
Adam Smith,22,Right-Back,Derby,0.0,out,Summer,2013,2013/2014
Cristian Ceballos,20,Left Winger,Arouca,0.0,out,Summer,2013,2013/2014
Ryan Mason,22,Central Midfield,Swindon Town,0.0,out,Summer,2013,2013/2014
Alex Pritchard,20,Attacking Midfield,Swindon Town,0.0,out,Summer,2013,2013/2014
Grant Hall,21,Centre-Back,Swindon Town,0.0,out,Summer,2013,2013/2014
Bongani Khumalo,26,Centre-Back,Doncaster,0.0,out,Summer,2013,2013/2014
Tom Carroll,21,Central Midfield,QPR,0.0,out,Summer,2013,2013/2014
Tomislav Gomelt,18,Central Midfield,Royal Antwerp,0.0,out,Summer,2013,2013/2014
Benoît Assou-Ekotto,29,Left-Back,QPR,0.0,out,Summer,2013,2013/2014
Simon Dawkins,25,Left Winger,Derby,0.0,out,Summer,2013,2013/2014
William Gallas,35,Centre-Back,Without Club,0.0,out,Summer,2013,2013/2014
David Bentley,28,Right Midfield,Retired,0.0,out,Summer,2013,2013/2014
Nabil Bentaleb,19,Central Midfield,Tottenham U21,0.0,in,Winter,2013,2013/2014
Alex Pritchard,20,Attacking Midfield,Swindon Town,0.0,in,Winter,2013,2013/2014
Adam Smith,22,Right-Back,Derby,0.0,in,Winter,2013,2013/2014
Simon Dawkins,26,Left Winger,Derby,0.0,in,Winter,2013,2013/2014
Jonathan Obika,23,Centre-Forward,Brighton,0.0,in,Winter,2013,2013/2014
Jonathan Miles,21,Goalkeeper,Whitehawk,0.0,in,Winter,2013,2013/2014
Jermain Defoe,31,Centre-Forward,Toronto,9090000.0,out,Winter,2013,2013/2014
Simon Dawkins,26,Left Winger,Derby,575000.0,out,Winter,2013,2013/2014
Jonathan Obika,23,Centre-Forward,Brighton,0.0,out,Winter,2013,2013/2014
Ryan Fredericks,21,Right-Back,Millwall,0.0,out,Winter,2013,2013/2014
Lewis Holtby,23,Central Midfield,Fulham,0.0,out,Winter,2013,2013/2014
Jonathan Obika,23,Centre-Forward,Charlton,0.0,out,Winter,2013,2013/2014
Jonathan Miles,20,Goalkeeper,Whitehawk,0.0,out,Winter,2013,2013/2014
Adam Smith,22,Right-Back,Bournemouth,0.0,out,Winter,2013,2013/2014
Ben Davies,21,Left-Back,Swansea,12650000.0,in,Summer,2014,2014/2015
Federico Fazio,27,Centre-Back,Sevilla FC,10000000.0,in,Summer,2014,2014/2015
Benjamin Stambouli,24,Defensive Midfield,Montpellier,5900000.0,in,Summer,2014,2014/2015
Michel Vorm,30,Goalkeeper,Swansea,5700000.0,in,Summer,2014,2014/2015
Eric Dier,20,Centre-Back,Sporting CP,5000000.0,in,Summer,2014,2014/2015
DeAndre Yedlin,21,Right-Back,Seattle,2600000.0,in,Summer,2014,2014/2015
Grant Hall,23,Centre-Back,Blackpool,0.0,in,Summer,2014,2014/2015
Bongani Khumalo,28,Centre-Back,Colchester Utd.,0.0,in,Summer,2014,2014/2015
Aaron Lennon,28,Right Winger,Everton,0.0,in,Summer,2014,2014/2015
Dele Alli,19,Attacking Midfield,MK Dons,0.0,in,Summer,2014,2014/2015
Tomislav Gomelt,19,Central Midfield,Royal Antwerp,0.0,in,Summer,2014,2014/2015
Ryan Fredericks,22,Right-Back,Middlesbrough,0.0,in,Summer,2014,2014/2015
Tom Carroll,23,Central Midfield,Swansea,0.0,in,Summer,2014,2014/2015
Alex Pritchard,22,Attacking Midfield,Brentford,0.0,in,Summer,2014,2014/2015
Cristian Ceballos,21,Left Winger,Arouca,0.0,in,Summer,2014,2014/2015
Iago Falque,24,Right Winger,Rayo Vallecano,0.0,in,Summer,2014,2014/2015
Gylfi Sigurdsson,24,Attacking Midfield,Swansea,10100000.0,out,Summer,2014,2014/2015
Sandro,25,Defensive Midfield,QPR,7500000.0,out,Summer,2014,2014/2015
Jake Livermore,24,Defensive Midfield,Hull City,7000000.0,out,Summer,2014,2014/2015
Michael Dawson,30,Centre-Back,Hull City,4400000.0,out,Summer,2014,2014/2015
Zeki Fryers,21,Left-Back,Crystal Palace,3800000.0,out,Summer,2014,2014/2015
Lewis Holtby,23,Central Midfield,Hamburger SV,2500000.0,out,Summer,2014,2014/2015
Iago Falque,24,Right Winger,Genoa,2000000.0,out,Summer,2014,2014/2015
Jonathan Obika,23,Centre-Forward,Swindon Town,250000.0,out,Summer,2014,2014/2015
Cameron Lancaster,21,Centre-Forward,Stevenage,0.0,out,Summer,2014,2014/2015
Heurelho Gomes,33,Goalkeeper,Watford,0.0,out,Summer,2014,2014/2015
Ryan Fredericks,21,Right-Back,Middlesbrough,0.0,out,Summer,2014,2014/2015
Jordan Archer,21,Goalkeeper,Northampton,0.0,out,Summer,2014,2014/2015
Alex Pritchard,21,Attacking Midfield,Brentford,0.0,out,Summer,2014,2014/2015
Grant Hall,22,Centre-Back,Birmingham,0.0,out,Summer,2014,2014/2015
Tom Carroll,22,Central Midfield,Swansea,0.0,out,Summer,2014,2014/2015
DeAndre Yedlin,21,Right-Back,Seattle,0.0,out,Summer,2014,2014/2015
Tomislav Gomelt,19,Central Midfield,Bari,0.0,out,Summer,2014,2014/2015
Dele Alli,18,Attacking Midfield,MK Dons,6630000.0,in,Winter,2014,2014/2015
Grant Hall,23,Centre-Back,Birmingham,0.0,in,Winter,2014,2014/2015
Jordan Archer,21,Goalkeeper,Northampton,0.0,in,Winter,2014,2014/2015
DeAndre Yedlin,21,Right-Back,Seattle,0.0,in,Winter,2014,2014/2015
Kyle Naughton,26,Right-Back,Swansea,6600000.0,out,Winter,2014,2014/2015
Grant Hall,23,Centre-Back,Blackpool,0.0,out,Winter,2014,2014/2015
Jordan Archer,21,Goalkeeper,Millwall,0.0,out,Winter,2014,2014/2015
Dele Alli,18,Attacking Midfield,MK Dons,0.0,out,Winter,2014,2014/2015
Bongani Khumalo,28,Centre-Back,Colchester Utd.,0.0,out,Winter,2014,2014/2015
Aaron Lennon,27,Right Winger,Everton,0.0,out,Winter,2014,2014/2015
Benoît Assou-Ekotto,30,Left-Back,Without Club,0.0,out,Winter,2014,2014/2015
Heung-min Son,23,Left Winger,Bay. Leverkusen,30000000.0,in,Summer,2015,2015/2016
Toby Alderweireld,26,Centre-Back,Atlético Madrid,16000000.0,in,Summer,2015,2015/2016
Clinton N'Jie,22,Right Winger,Olympique Lyon,14100000.0,in,Summer,2015,2015/2016
Kevin Wimmer,22,Centre-Back,1. FC Köln,6000000.0,in,Summer,2015,2015/2016
Kieran Trippier,24,Right-Back,Burnley,4900000.0,in,Summer,2015,2015/2016
Josh Onomah,18,Central Midfield,Spurs U18,0.0,in,Summer,2015,2015/2016
Tomislav Gomelt,20,Central Midfield,Bari,0.0,in,Summer,2015,2015/2016
Alex Pritchard,23,Attacking Midfield,West Brom,0.0,in,Summer,2015,2015/2016
DeAndre Yedlin,22,Right-Back,Sunderland,0.0,in,Summer,2015,2015/2016
Jordan Archer,22,Goalkeeper,Millwall,0.0,in,Summer,2015,2015/2016
Lewis Holtby,24,Central Midfield,Hamburger SV,0.0,in,Summer,2015,2015/2016
Roberto Soldado,30,Centre-Forward,Villarreal,16000000.0,out,Summer,2015,2015/2016
Paulinho,26,Central Midfield,GZ Evergrande,14000000.0,out,Summer,2015,2015/2016
Étienne Capoue,26,Defensive Midfield,Watford,8900000.0,out,Summer,2015,2015/2016
Benjamin Stambouli,24,Defensive Midfield,Paris SG,8600000.0,out,Summer,2015,2015/2016
Vlad Chiriches,25,Centre-Back,SSC Napoli,7000000.0,out,Summer,2015,2015/2016
Lewis Holtby,24,Central Midfield,Hamburger SV,6500000.0,out,Summer,2015,2015/2016
Aaron Lennon,28,Right Winger,Everton,6000000.0,out,Summer,2015,2015/2016
Younès Kaboul,29,Centre-Back,Sunderland,4300000.0,out,Summer,2015,2015/2016
Ryan Fredericks,22,Right-Back,Bristol City,250000.0,out,Summer,2015,2015/2016
Jonathan Miles,22,Goalkeeper,Ebbsfleet,0.0,out,Summer,2015,2015/2016
Jordan Archer,22,Goalkeeper,Millwall,0.0,out,Summer,2015,2015/2016
Cristian Ceballos,22,Left Winger,Charlton,0.0,out,Summer,2015,2015/2016
Tomislav Gomelt,20,Central Midfield,Bari,0.0,out,Summer,2015,2015/2016
Bongani Khumalo,28,Centre-Back,SuperSport Utd.,0.0,out,Summer,2015,2015/2016
Grant Hall,23,Centre-Back,QPR,0.0,out,Summer,2015,2015/2016
DeAndre Yedlin,22,Right-Back,Sunderland,0.0,out,Summer,2015,2015/2016
Brad Friedel,44,Goalkeeper,Retired,0.0,out,Summer,2015,2015/2016
Emmanuel Adebayor,31,Centre-Forward,Without Club,0.0,out,Summer,2015,2015/2016
Andros Townsend,24,Right Winger,Newcastle,15700000.0,out,Winter,2015,2015/2016
Alex Pritchard,22,Attacking Midfield,West Brom,0.0,out,Winter,2015,2015/2016
Federico Fazio,28,Centre-Back,Sevilla FC,0.0,out,Winter,2015,2015/2016
Moussa Sissoko,27,Central Midfield,Newcastle,35000000.0,in,Summer,2016,2016/2017
Vincent Janssen,22,Centre-Forward,AZ Alkmaar,22000000.0,in,Summer,2016,2016/2017
Victor Wanyama,25,Defensive Midfield,Southampton,14400000.0,in,Summer,2016,2016/2017
Georges-Kevin N'Koudou,21,Left Winger,Marseille,11000000.0,in,Summer,2016,2016/2017
Pau López,21,Goalkeeper,Espanyol,1100000.0,in,Summer,2016,2016/2017
Cameron Carter-Vickers,18,Centre-Back,Tottenham U23,0.0,in,Summer,2016,2016/2017
Harry Winks,20,Defensive Midfield,Tottenham U23,0.0,in,Summer,2016,2016/2017
Federico Fazio,29,Centre-Back,Sevilla FC,0.0,in,Summer,2016,2016/2017
Ryan Mason,25,Central Midfield,Hull City,15400000.0,out,Summer,2016,2016/2017
Nacer Chadli,27,Left Winger,West Brom,15200000.0,out,Summer,2016,2016/2017
Alex Pritchard,23,Attacking Midfield,Norwich,9400000.0,out,Summer,2016,2016/2017
DeAndre Yedlin,23,Right-Back,Newcastle,5900000.0,out,Summer,2016,2016/2017
Federico Fazio,29,Centre-Back,AS Roma,1200000.0,out,Summer,2016,2016/2017
Nabil Bentaleb,21,Central Midfield,FC Schalke 04,0.0,out,Summer,2016,2016/2017
Clinton N'Jie,23,Right Winger,Marseille,0.0,out,Summer,2016,2016/2017
Tom Carroll,24,Central Midfield,Swansea,5200000.0,out,Winter,2016,2016/2017
Davinson Sánchez,21,Centre-Back,Ajax,42000000.0,in,Summer,2017,2017/2018
Serge Aurier,24,Right-Back,Paris SG,25000000.0,in,Summer,2017,2017/2018
Fernando Llorente,32,Centre-Forward,Swansea,15100000.0,in,Summer,2017,2017/2018
Juan Foyth,19,Right-Back,Estudiantes,13000000.0,in,Summer,2017,2017/2018
Paulo Gazzaniga,25,Goalkeeper,Southampton,0.0,in,Summer,2017,2017/2018
Kyle Walker-Peters,20,Right-Back,Tottenham U23,0.0,in,Summer,2017,2017/2018
Cameron Carter-Vickers,20,Centre-Back,Ipswich,0.0,in,Summer,2017,2017/2018
Georges-Kevin N'Koudou,23,Left Winger,Burnley,0.0,in,Summer,2017,2017/2018
Federico Fazio,30,Centre-Back,AS Roma,0.0,in,Summer,2017,2017/2018
Josh Onomah,21,Central Midfield,Aston Villa,0.0,in,Summer,2017,2017/2018
Clinton N'Jie,23,Right Winger,Marseille,0.0,in,Summer,2017,2017/2018
Nabil Bentaleb,22,Central Midfield,FC Schalke 04,0.0,in,Summer,2017,2017/2018
Kyle Walker,27,Right-Back,Man City,52700000.0,out,Summer,2017,2017/2018
Kevin Wimmer,24,Centre-Back,Stoke City,19400000.0,out,Summer,2017,2017/2018
Nabil Bentaleb,22,Central Midfield,FC Schalke 04,19000000.0,out,Summer,2017,2017/2018
Clinton N'Jie,23,Right Winger,Marseille,7000000.0,out,Summer,2017,2017/2018
Federico Fazio,30,Centre-Back,AS Roma,3200000.0,out,Summer,2017,2017/2018
Vincent Janssen,23,Centre-Forward,Fenerbahce,2500000.0,out,Summer,2017,2017/2018
Cameron Carter-Vickers,19,Centre-Back,Sheff Utd,0.0,out,Summer,2017,2017/2018
Josh Onomah,20,Central Midfield,Aston Villa,0.0,out,Summer,2017,2017/2018
Pau López,22,Goalkeeper,Espanyol,0.0,out,Summer,2017,2017/2018
Lucas Moura,25,Right Winger,Paris SG,28400000.0,in,Winter,2017,2017/2018
Cameron Carter-Vickers,20,Centre-Back,Sheff Utd,0.0,in,Winter,2017,2017/2018
Cameron Carter-Vickers,20,Centre-Back,Ipswich,0.0,out,Winter,2017,2017/2018
Georges-Kevin N'Koudou,22,Left Winger,Burnley,0.0,out,Winter,2017,2017/2018
Oliver Skipp,17,Defensive Midfield,Tottenham U23,0.0,in,Summer,2018,2018/2019
Vincent Janssen,24,Centre-Forward,Fenerbahce,0.0,in,Summer,2018,2018/2019
Josh Onomah,22,Central Midfield,Sheff Wed,0.0,in,Summer,2018,2018/2019
Cameron Carter-Vickers,21,Centre-Back,Swansea,0.0,in,Summer,2018,2018/2019
Cameron Carter-Vickers,20,Centre-Back,Swansea,0.0,out,Summer,2018,2018/2019
Josh Onomah,21,Central Midfield,Sheff Wed,0.0,out,Summer,2018,2018/2019
Mousa Dembélé,31,Central Midfield,GZ R&F,5350000.0,out,Winter,2018,2018/2019
Georges-Kevin N'Koudou,23,Left Winger,Monaco,0.0,out,Winter,2018,2018/2019
Tanguy Ndombélé,22,Central Midfield,Olympique Lyon,60000000.0,in,Summer,2019,2019/2020
Ryan Sessegnon,19,Left Midfield,Fulham,27000000.0,in,Summer,2019,2019/2020
Giovani Lo Celso,23,Central Midfield,Real Betis,16000000.0,in,Summer,2019,2019/2020
Jack Clarke,18,Right Winger,Leeds,11000000.0,in,Summer,2019,2019/2020
Michel Vorm,35,Goalkeeper,Without Club,0.0,in,Summer,2019,2019/2020
Alfie Whiteman,20,Goalkeeper,Tottenham U23,0.0,in,Summer,2019,2019/2020
Georges-Kevin N'Koudou,24,Left Winger,Monaco,0.0,in,Summer,2019,2019/2020
Kieran Trippier,28,Right-Back,Atlético Madrid,22000000.0,out,Summer,2019,2019/2020
Vincent Janssen,25,Centre-Forward,Monterrey,9000000.0,out,Summer,2019,2019/2020
Georges-Kevin N'Koudou,24,Left Winger,Besiktas,4500000.0,out,Summer,2019,2019/2020
Josh Onomah,22,Central Midfield,Fulham,0.0,out,Summer,2019,2019/2020
Fernando Llorente,34,Centre-Forward,SSC Napoli,0.0,out,Summer,2019,2019/2020
Cameron Carter-Vickers,21,Centre-Back,Stoke City,0.0,out,Summer,2019,2019/2020
Jack Clarke,18,Right Winger,Leeds,0.0,out,Summer,2019,2019/2020
Michel Vorm,35,Goalkeeper,Without Club,0.0,out,Summer,2019,2019/2020
Steven Bergwijn,22,Left Winger,PSV Eindhoven,30000000.0,in,Winter,2019,2019/2020
Gedson Fernandes,21,Central Midfield,Benfica,4500000.0,in,Winter,2019,2019/2020
Japhet Tanganga,20,Centre-Back,Tottenham U23,0.0,in,Winter,2019,2019/2020
Jack Clarke,19,Right Winger,Leeds,0.0,in,Winter,2019,2019/2020
Cameron Carter-Vickers,22,Centre-Back,Stoke City,0.0,in,Winter,2019,2019/2020
Christian Eriksen,27,Attacking Midfield,Inter,27000000.0,out,Winter,2019,2019/2020
Danny Rose,29,Left-Back,Newcastle,2000000.0,out,Winter,2019,2019/2020
Victor Wanyama,28,Defensive Midfield,Montreal,0.0,out,Winter,2019,2019/2020
Cameron Carter-Vickers,22,Centre-Back,Luton,0.0,out,Winter,2019,2019/2020
Jack Clarke,19,Right Winger,QPR,0.0,out,Winter,2019,2019/2020
Kyle Walker-Peters,22,Right-Back,Southampton,0.0,out,Winter,2019,2019/2020
Giovani Lo Celso,24,Central Midfield,Real Betis,32000000.0,in,Summer,2020,2020/2021
Sergio Reguilón,23,Left-Back,Real Madrid,30000000.0,in,Summer,2020,2020/2021
Matt Doherty,28,Right-Back,Wolves,16800000.0,in,Summer,2020,2020/2021
Pierre-Emile Höjbjerg,25,Central Midfield,Southampton,16600000.000000002,in,Summer,2020,2020/2021
Joe Rodon,22,Centre-Back,Swansea,12100000.0,in,Summer,2020,2020/2021
Carlos Vinícius,25,Centre-Forward,Benfica,3000000.0,in,Summer,2020,2020/2021
Joe Hart,33,Goalkeeper,Burnley,0.0,in,Summer,2020,2020/2021
Gareth Bale,31,Right Winger,Real Madrid,0.0,in,Summer,2020,2020/2021
Cameron Carter-Vickers,23,Centre-Back,Bournemouth,0.0,in,Summer,2020,2020/2021
Jack Clarke,20,Right Winger,Stoke City,0.0,in,Summer,2020,2020/2021
Oliver Skipp,20,Defensive Midfield,Norwich,0.0,in,Summer,2020,2020/2021
Danny Rose,30,Left-Back,Newcastle,0.0,in,Summer,2020,2020/2021
Cameron Carter-Vickers,22,Centre-Back,Luton,0.0,in,Summer,2020,2020/2021
Kyle Walker-Peters,23,Right-Back,Southampton,0.0,in,Summer,2020,2020/2021
Jack Clarke,19,Right Winger,QPR,0.0,in,Summer,2020,2020/2021
Kyle Walker-Peters,23,Right-Back,Southampton,13300000.0,out,Summer,2020,2020/2021
Jan Vertonghen,33,Centre-Back,Benfica,0.0,out,Summer,2020,2020/2021
Juan Foyth,22,Right-Back,Villarreal,0.0,out,Summer,2020,2020/2021
Ryan Sessegnon,20,Left Midfield,TSG Hoffenheim,0.0,out,Summer,2020,2020/2021
Oliver Skipp,19,Defensive Midfield,Norwich,0.0,out,Summer,2020,2020/2021
Cameron Carter-Vickers,22,Centre-Back,Bournemouth,0.0,out,Summer,2020,2020/2021
Michel Vorm,36,Goalkeeper,Retired,0.0,out,Summer,2020,2020/2021
Giovani Lo Celso,24,Central Midfield,Real Betis,0.0,out,Summer,2020,2020/2021
Jack Clarke,20,Right Winger,Stoke City,0.0,out,Winter,2020,2020/2021
Paulo Gazzaniga,29,Goalkeeper,Elche CF,0.0,out,Winter,2020,2020/2021
Gedson Fernandes,22,Central Midfield,Benfica,0.0,out,Winter,2020,2020/2021
Emerson Royal,22,Right-Back,Barcelona,25000000.0,in,Summer,2021,2021/2022
Bryan Gil,20,Left Winger,Sevilla FC,25000000.0,in,Summer,2021,2021/2022
Pape Matar Sarr,18,Central Midfield,FC Metz,16900000.0,in,Summer,2021,2021/2022
Pierluigi Gollini,26,Goalkeeper,Atalanta BC,0.0,in,Summer,2021,2021/2022
Cristian Romero,23,Centre-Back,Atalanta BC,0.0,in,Summer,2021,2021/2022
Cameron Carter-Vickers,24,Centre-Back,Celtic,0.0,in,Summer,2021,2021/2022
Brandon Austin,22,Goalkeeper,Tottenham U23,0.0,in,Summer,2021,2021/2022
Paulo Gazzaniga,29,Goalkeeper,Elche CF,0.0,in,Summer,2021,2021/2022
Ryan Sessegnon,21,Left Midfield,TSG Hoffenheim,0.0,in,Summer,2021,2021/2022
Juan Foyth,23,Right-Back,Villarreal,0.0,in,Summer,2021,2021/2022
Jack Clarke,21,Right Winger,Sunderland,0.0,in,Summer,2021,2021/2022
Juan Foyth,23,Right-Back,Villarreal,15000000.0,out,Summer,2021,2021/2022
Toby Alderweireld,32,Centre-Back,Al-Duhail SC,13000000.0,out,Summer,2021,2021/2022
Moussa Sissoko,32,Central Midfield,Watford,3500000.0,out,Summer,2021,2021/2022
Joe Hart,34,Goalkeeper,Celtic,1200000.0,out,Summer,2021,2021/2022
Paulo Gazzaniga,29,Goalkeeper,Fulham,0.0,out,Summer,2021,2021/2022
Erik Lamela,29,Right Winger,Sevilla FC,0.0,out,Summer,2021,2021/2022
Danny Rose,30,Left-Back,Watford,0.0,out,Summer,2021,2021/2022
Pape Matar Sarr,18,Central Midfield,FC Metz,0.0,out,Summer,2021,2021/2022
Alfie Whiteman,22,Goalkeeper,Degerfors,0.0,out,Summer,2021,2021/2022
Serge Aurier,28,Right-Back,Without Club,0.0,out,Summer,2021,2021/2022
Cameron Carter-Vickers,23,Centre-Back,Celtic,0.0,out,Summer,2021,2021/2022
Gareth Bale,31,Right Winger,Real Madrid,0.0,out,Summer,2021,2021/2022
Carlos Vinícius,26,Centre-Forward,Benfica,0.0,out,Summer,2021,2021/2022
Rodrigo Bentancur,24,Central Midfield,Juventus,19000000.0,in,Winter,2021,2021/2022
Dejan Kulusevski,21,Right Winger,Juventus,10000000.0,in,Winter,2021,2021/2022
Alfie Whiteman,23,Goalkeeper,Degerfors,0.0,in,Winter,2021,2021/2022
Tanguy Ndombélé,25,Central Midfield,Olympique Lyon,1420000.0,out,Winter,2021,2021/2022
Dele Alli,25,Attacking Midfield,Everton,0.0,out,Winter,2021,2021/2022
Jack Clarke,21,Right Winger,Sunderland,0.0,out,Winter,2021,2021/2022
Bryan Gil,20,Left Winger,Valencia,0.0,out,Winter,2021,2021/2022
Giovani Lo Celso,25,Central Midfield,Villarreal,0.0,out,Winter,2021,2021/2022
Alfie Whiteman,23,Goalkeeper,Degerfors,0.0,out,Winter,2021,2021/2022
Richarlison,25,Centre-Forward,Everton,58000000.0,in,Summer,2022,2022/2023
Cristian Romero,24,Centre-Back,Atalanta BC,50000000.0,in,Summer,2022,2022/2023
Yves Bissouma,25,Central Midfield,Brighton,29200000.0,in,Summer,2022,2022/2023
Destiny Udogie,19,Left-Back,Udinese Calcio,18000000.0,in,Summer,2022,2022/2023
Djed Spence,21,Right-Back,Middlesbrough,14700000.0,in,Summer,2022,2022/2023
Ivan Perisic,33,Left Midfield,Inter,0.0,in,Summer,2022,2022/2023
Fraser Forster,34,Goalkeeper,Southampton,0.0,in,Summer,2022,2022/2023
Clément Lenglet,27,Centre-Back,Barcelona,0.0,in,Summer,2022,2022/2023
Giovani Lo Celso,26,Central Midfield,Villarreal,0.0,in,Summer,2022,2022/2023
Bryan Gil,21,Left Winger,Valencia,0.0,in,Summer,2022,2022/2023
Tanguy Ndombélé,25,Central Midfield,Olympique Lyon,0.0,in,Summer,2022,2022/2023
Pape Matar Sarr,19,Central Midfield,FC Metz,0.0,in,Summer,2022,2022/2023
Steven Bergwijn,24,Left Winger,Ajax,31250000.0,out,Summer,2022,2022/2023
Cameron Carter-Vickers,24,Centre-Back,Celtic,7000000.0,out,Summer,2022,2022/2023
Tanguy Ndombélé,25,Central Midfield,SSC Napoli,500000.0,out,Summer,2022,2022/2023
Jack Clarke,21,Left Winger,Sunderland,0.0,out,Summer,2022,2022/2023
Sergio Reguilón,25,Left-Back,Atlético Madrid,0.0,out,Summer,2022,2022/2023
Harry Winks,26,Defensive Midfield,Sampdoria,0.0,out,Summer,2022,2022/2023
Destiny Udogie,19,Left-Back,Udinese Calcio,0.0,out,Summer,2022,2022/2023
Giovani Lo Celso,26,Central Midfield,Villarreal,0.0,out,Summer,2022,2022/2023
Joe Rodon,24,Centre-Back,Stade Rennais,0.0,out,Summer,2022,2022/2023
Pierluigi Gollini,27,Goalkeeper,Atalanta BC,0.0,out,Summer,2022,2022/2023
Pedro Porro,23,Right-Back,Sporting CP,5000000.0,in,Winter,2022,2022/2023
Arnaut Danjuma,25,Left Winger,Villarreal,3000000.0,in,Winter,2022,2022/2023
Alfie Whiteman,24,Goalkeeper,Degerfors,0.0,in,Winter,2022,2022/2023
Matt Doherty,31,Right-Back,Atlético Madrid,0.0,out,Winter,2022,2022/2023
Bryan Gil,21,Left Winger,Sevilla FC,0.0,out,Winter,2022,2022/2023
Djed Spence,22,Right-Back,Rennes,0.0,out,Winter,2022,2022/2023
